method,dataset,scene,traj,variant,n_frames,eff_fps,latency_end_to_end_s,per_window_latency_med_s,vram_avg_gb,vram_peak_gb,gpu_util_avg_pct,gpu_power_avg_w,cpu_ram_peak_gb,ckpt_size_mb,tsdf_block_count,gpu_name,gpu_total_gb,hw_id
laser,replica,office_4,synthetic_2.0hz,synthetic_fov,50,3.963,3.884,,65.299,70.291,6.7,120.2,0.0,0.0,,NVIDIA RTX PRO 6000 Blackwell Workstation Edition,102.6,RTX PRO 6000
laser,replica,office_4,synthetic_0.5hz,synthetic_fov,13,1.495,1.514,,64.184,69.983,6.5,88.8,0.0,0.0,,NVIDIA RTX PRO 6000 Blackwell Workstation Edition,102.6,RTX PRO 6000
laser,replica,office_4,synthetic_5.0hz,synthetic_fov,125,6.532,8.353,,66.468,70.384,20.3,161.3,0.0,0.0,,NVIDIA RTX PRO 6000 Blackwell Workstation Edition,102.6,RTX PRO 6000
laser,replica,frl_apartment_0,loop_2.0hz_s0,synthetic_fov,106,6.292,6.937,,4.395,8.485,11.3,152.8,0.0,0.0,,NVIDIA RTX PRO 6000 Blackwell Workstation Edition,102.6,RTX PRO 6000
laser,replica,frl_apartment_0,stopgo_2.0hz_s1,synthetic_fov,77,5.214,5.709,,4.091,8.416,8.2,139.0,0.0,0.0,,NVIDIA RTX PRO 6000 Blackwell Workstation Edition,102.6,RTX PRO 6000
laser,replica,frl_apartment_0,synthetic_2.0hz_s1,synthetic_fov,57,4.471,4.377,,3.717,8.397,9.5,130.7,0.0,0.0,,NVIDIA RTX PRO 6000 Blackwell Workstation Edition,102.6,RTX PRO 6000
laser,replica,frl_apartment_0,stopgo_2.0hz_s0,synthetic_fov,100,6.094,6.664,,4.309,8.525,7.4,150.6,0.0,0.0,,NVIDIA RTX PRO 6000 Blackwell Workstation Edition,102.6,RTX PRO 6000
laser,replica,frl_apartment_0,synthetic_0.5hz_s0,synthetic_fov,20,2.255,2.156,,2.765,8.363,9.4,101.1,0.0,0.0,,NVIDIA RTX PRO 6000 Blackwell Workstation Edition,102.6,RTX PRO 6000
laser,replica,frl_apartment_0,synthetic_0.5hz_s1,synthetic_fov,15,1.74,1.574,,2.367,8.189,5.6,87.3,0.0,0.0,,NVIDIA RTX PRO 6000 Blackwell Workstation Edition,102.6,RTX PRO 6000
laser,replica,frl_apartment_0,synthetic_5.0hz_s1,synthetic_fov,141,6.922,9.313,,4.763,8.623,16.8,167.7,0.0,0.0,,NVIDIA RTX PRO 6000 Blackwell Workstation Edition,102.6,RTX PRO 6000
laser,replica,frl_apartment_0,synthetic_2.0hz_s0,synthetic_fov,80,5.471,5.769,,4.218,8.489,9.1,143.8,0.0,0.0,,NVIDIA RTX PRO 6000 Blackwell Workstation Edition,102.6,RTX PRO 6000
laser,replica,frl_apartment_0,synthetic_5.0hz_s0,synthetic_fov,198,7.852,12.64,,5.136,8.623,19.9,178.9,0.0,0.0,,NVIDIA RTX PRO 6000 Blackwell Workstation Edition,102.6,RTX PRO 6000
laser,replica,frl_apartment_0,loop_2.0hz_s1,synthetic_fov,74,5.333,5.168,,4.022,8.455,15.4,143.4,0.0,0.0,,NVIDIA RTX PRO 6000 Blackwell Workstation Edition,102.6,RTX PRO 6000
laser,replica,apartment_1,loop_2.0hz_s0,synthetic_fov,84,5.799,5.471,,4.115,8.489,14.3,146.1,0.0,0.0,,NVIDIA RTX PRO 6000 Blackwell Workstation Edition,102.6,RTX PRO 6000
laser,replica,apartment_1,stopgo_2.0hz_s1,synthetic_fov,90,5.704,6.172,,4.185,8.485,10.1,145.7,0.0,0.0,,NVIDIA RTX PRO 6000 Blackwell Workstation Edition,102.6,RTX PRO 6000
laser,replica,apartment_1,synthetic_2.0hz_s1,synthetic_fov,70,5.137,4.84,,3.9,8.485,12.6,138.4,0.0,0.0,,NVIDIA RTX PRO 6000 Blackwell Workstation Edition,102.6,RTX PRO 6000
laser,replica,apartment_1,stopgo_2.0hz_s0,synthetic_fov,67,4.915,4.803,,3.834,8.422,12.2,134.1,0.0,0.0,,NVIDIA RTX PRO 6000 Blackwell Workstation Edition,102.6,RTX PRO 6000
laser,replica,apartment_1,synthetic_0.5hz_s0,synthetic_fov,12,1.474,1.35,,2.195,8.122,5.9,85.1,0.0,0.0,,NVIDIA RTX PRO 6000 Blackwell Workstation Edition,102.6,RTX PRO 6000
laser,replica,apartment_1,synthetic_0.5hz_s1,synthetic_fov,18,1.96,2.073,,2.647,8.363,6.2,92.5,0.0,0.0,,NVIDIA RTX PRO 6000 Blackwell Workstation Edition,102.6,RTX PRO 6000
laser,replica,apartment_1,synthetic_5.0hz_s1,synthetic_fov,175,7.695,10.781,,4.983,8.692,15.8,175.2,0.0,0.0,,NVIDIA RTX PRO 6000 Blackwell Workstation Edition,102.6,RTX PRO 6000
laser,replica,apartment_1,synthetic_2.0hz_s0,synthetic_fov,47,4.051,3.586,,3.475,8.418,14.3,120.7,0.0,0.0,,NVIDIA RTX PRO 6000 Blackwell Workstation Edition,102.6,RTX PRO 6000
laser,replica,apartment_1,synthetic_5.0hz_s0,synthetic_fov,116,6.486,7.663,,4.574,8.485,15.7,157.1,0.0,0.0,,NVIDIA RTX PRO 6000 Blackwell Workstation Edition,102.6,RTX PRO 6000
laser,replica,apartment_1,loop_2.0hz_s1,synthetic_fov,96,6.07,6.296,,4.322,8.449,10.7,148.1,0.0,0.0,,NVIDIA RTX PRO 6000 Blackwell Workstation Edition,102.6,RTX PRO 6000
laser,replica,hotel_0,loop_2.0hz_s0,synthetic_fov,44,3.85,3.522,,3.447,8.397,10.9,121.4,0.0,0.0,,NVIDIA RTX PRO 6000 Blackwell Workstation Edition,102.6,RTX PRO 6000
laser,replica,hotel_0,stopgo_2.0hz_s1,synthetic_fov,59,4.807,4.026,,3.597,8.363,13.2,138.1,0.0,0.0,,NVIDIA RTX PRO 6000 Blackwell Workstation Edition,102.6,RTX PRO 6000
laser,replica,hotel_0,synthetic_2.0hz_s1,synthetic_fov,39,3.671,2.991,,3.287,8.397,3.4,116.8,0.0,0.0,,NVIDIA RTX PRO 6000 Blackwell Workstation Edition,102.6,RTX PRO 6000
laser,replica,hotel_0,stopgo_2.0hz_s0,synthetic_fov,57,4.626,4.124,,3.69,8.397,13.8,130.6,0.0,0.0,,NVIDIA RTX PRO 6000 Blackwell Workstation Edition,102.6,RTX PRO 6000
laser,replica,hotel_0,synthetic_0.5hz_s0,synthetic_fov,10,1.32,1.163,,2.193,8.042,4.0,79.3,0.0,0.0,,NVIDIA RTX PRO 6000 Blackwell Workstation Edition,102.6,RTX PRO 6000
laser,replica,hotel_0,synthetic_0.5hz_s1,synthetic_fov,10,1.295,1.234,,2.203,8.042,1.8,80.8,0.0,0.0,,NVIDIA RTX PRO 6000 Blackwell Workstation Edition,102.6,RTX PRO 6000
laser,replica,hotel_0,synthetic_5.0hz_s1,synthetic_fov,97,6.184,6.315,,4.254,8.558,10.1,151.0,0.0,0.0,,NVIDIA RTX PRO 6000 Blackwell Workstation Edition,102.6,RTX PRO 6000
laser,replica,hotel_0,synthetic_2.0hz_s0,synthetic_fov,37,3.548,2.905,,3.199,8.397,11.4,110.0,0.0,0.0,,NVIDIA RTX PRO 6000 Blackwell Workstation Edition,102.6,RTX PRO 6000
laser,replica,hotel_0,synthetic_5.0hz_s0,synthetic_fov,93,5.767,6.275,,4.176,8.416,13.5,148.6,0.0,0.0,,NVIDIA RTX PRO 6000 Blackwell Workstation Edition,102.6,RTX PRO 6000
laser,replica,hotel_0,loop_2.0hz_s1,synthetic_fov,60,4.818,4.219,,3.739,8.39,14.4,135.8,0.0,0.0,,NVIDIA RTX PRO 6000 Blackwell Workstation Edition,102.6,RTX PRO 6000
laser,replica,apartment_0,loop_2.0hz_s0,synthetic_fov,89,5.792,6.175,,4.224,8.455,12.8,140.9,0.0,0.0,,NVIDIA RTX PRO 6000 Blackwell Workstation Edition,102.6,RTX PRO 6000
laser,replica,apartment_0,stopgo_2.0hz_s1,synthetic_fov,99,6.038,6.843,,4.386,8.518,10.8,145.9,0.0,0.0,,NVIDIA RTX PRO 6000 Blackwell Workstation Edition,102.6,RTX PRO 6000
laser,replica,apartment_0,synthetic_2.0hz_s1,synthetic_fov,79,5.31,5.757,,4.106,8.485,11.9,131.5,0.0,0.0,,NVIDIA RTX PRO 6000 Blackwell Workstation Edition,102.6,RTX PRO 6000
laser,replica,apartment_0,stopgo_2.0hz_s0,synthetic_fov,90,5.827,6.375,,4.319,8.485,12.0,143.0,0.0,0.0,,NVIDIA RTX PRO 6000 Blackwell Workstation Edition,102.6,RTX PRO 6000
laser,replica,apartment_0,synthetic_0.5hz_s0,synthetic_fov,18,1.866,2.138,,2.557,8.363,6.1,80.1,0.0,0.0,,NVIDIA RTX PRO 6000 Blackwell Workstation Edition,102.6,RTX PRO 6000
laser,replica,apartment_0,synthetic_0.5hz_s1,synthetic_fov,20,2.181,2.249,,2.762,8.328,7.6,90.2,0.0,0.0,,NVIDIA RTX PRO 6000 Blackwell Workstation Edition,102.6,RTX PRO 6000
laser,replica,apartment_0,synthetic_2.0hz,synthetic_fov,70,5.091,5.176,,65.885,70.356,12.4,150.7,0.0,0.0,,NVIDIA RTX PRO 6000 Blackwell Workstation Edition,102.6,RTX PRO 6000
laser,replica,apartment_0,synthetic_0.5hz,synthetic_fov,18,1.923,2.17,,64.498,70.231,7.7,116.1,0.0,0.0,,NVIDIA RTX PRO 6000 Blackwell Workstation Edition,102.6,RTX PRO 6000
laser,replica,apartment_0,synthetic_5.0hz,synthetic_fov,173,7.106,11.83,,66.882,70.491,18.3,168.1,0.0,0.0,,NVIDIA RTX PRO 6000 Blackwell Workstation Edition,102.6,RTX PRO 6000
laser,replica,apartment_0,synthetic_5.0hz_s1,synthetic_fov,196,7.83,12.366,,5.126,8.623,19.1,172.0,0.0,0.0,,NVIDIA RTX PRO 6000 Blackwell Workstation Edition,102.6,RTX PRO 6000
laser,replica,apartment_0,synthetic_2.0hz_s0,synthetic_fov,70,4.4,5.092,,3.522,8.416,13.0,117.8,0.0,0.0,,NVIDIA RTX PRO 6000 Blackwell Workstation Edition,102.6,RTX PRO 6000
laser,replica,apartment_0,synthetic_5.0hz_s0,synthetic_fov,173,7.37,11.552,,5.093,8.588,10.1,167.7,0.0,0.0,,NVIDIA RTX PRO 6000 Blackwell Workstation Edition,102.6,RTX PRO 6000
laser,replica,apartment_0,loop_2.0hz_s1,synthetic_fov,90,5.826,6.329,,4.321,8.518,10.8,140.7,0.0,0.0,,NVIDIA RTX PRO 6000 Blackwell Workstation Edition,102.6,RTX PRO 6000
panovggt,replica,office_4,synthetic_2.0hz,pano,50,2.661,6.435,6.4349,72.251,82.388,33.9,256.8,0.0,0.0,,NVIDIA RTX PRO 6000 Blackwell Workstation Edition,102.6,RTX PRO 6000
panovggt,replica,office_4,synthetic_0.5hz,pano,13,1.17,1.056,1.0558,65.418,74.284,9.8,100.3,0.0,0.0,,NVIDIA RTX PRO 6000 Blackwell Workstation Edition,102.6,RTX PRO 6000
panovggt,replica,office_4,synthetic_5.0hz,pano,125,2.488,31.435,31.4347,86.776,96.013,62.5,398.9,0.0,0.0,,NVIDIA RTX PRO 6000 Blackwell Workstation Edition,102.6,RTX PRO 6000
panovggt,replica,frl_apartment_0,loop_2.0hz_s0,pano,106,2.604,23.381,23.3811,21.372,32.791,56.8,374.1,0.0,0.0,,NVIDIA RTX PRO 6000 Blackwell Workstation Edition,102.6,RTX PRO 6000
panovggt,replica,frl_apartment_0,stopgo_2.0hz_s1,pano,77,2.779,13.554,13.5544,15.903,24.71,49.7,329.5,0.0,0.0,,NVIDIA RTX PRO 6000 Blackwell Workstation Edition,102.6,RTX PRO 6000
panovggt,replica,frl_apartment_0,synthetic_2.0hz_s1,pano,57,2.738,7.97,7.9705,11.779,20.778,39.7,269.8,0.0,0.0,,NVIDIA RTX PRO 6000 Blackwell Workstation Edition,102.6,RTX PRO 6000
panovggt,replica,frl_apartment_0,stopgo_2.0hz_s0,pano,100,2.662,21.255,21.2552,20.611,29.232,56.7,371.0,0.0,0.0,,NVIDIA RTX PRO 6000 Blackwell Workstation Edition,102.6,RTX PRO 6000
panovggt,replica,frl_apartment_0,synthetic_0.5hz_s0,pano,20,1.687,1.693,1.693,4.636,13.503,15.5,139.5,0.0,0.0,,NVIDIA RTX PRO 6000 Blackwell Workstation Edition,102.6,RTX PRO 6000
panovggt,replica,frl_apartment_0,synthetic_0.5hz_s1,pano,15,1.306,1.211,1.2112,3.833,12.859,10.7,121.6,0.0,0.0,,NVIDIA RTX PRO 6000 Blackwell Workstation Edition,102.6,RTX PRO 6000
panovggt,replica,frl_apartment_0,synthetic_5.0hz_s1,pano,141,2.404,40.598,40.5975,29.341,37.293,68.8,440.0,0.0,0.0,,NVIDIA RTX PRO 6000 Blackwell Workstation Edition,102.6,RTX PRO 6000
panovggt,replica,frl_apartment_0,synthetic_2.0hz_s0,pano,80,2.743,13.973,13.973,16.443,25.298,47.4,321.7,0.0,0.0,,NVIDIA RTX PRO 6000 Blackwell Workstation Edition,102.6,RTX PRO 6000
panovggt,replica,frl_apartment_0,synthetic_5.0hz_s0,pano,198,1.966,76.431,76.4309,39.991,48.505,75.2,472.1,0.0,0.0,,NVIDIA RTX PRO 6000 Blackwell Workstation Edition,102.6,RTX PRO 6000
panovggt,replica,frl_apartment_0,loop_2.0hz_s1,pano,74,2.793,12.486,12.4858,15.36,24.117,48.9,323.7,0.0,0.0,,NVIDIA RTX PRO 6000 Blackwell Workstation Edition,102.6,RTX PRO 6000
panovggt,replica,apartment_1,loop_2.0hz_s0,pano,84,2.767,15.349,15.3486,17.176,26.093,49.8,335.0,0.0,0.0,,NVIDIA RTX PRO 6000 Blackwell Workstation Edition,102.6,RTX PRO 6000
panovggt,replica,apartment_1,stopgo_2.0hz_s1,pano,90,2.805,17.707,17.7067,18.634,27.271,55.4,363.4,0.0,0.0,,NVIDIA RTX PRO 6000 Blackwell Workstation Edition,102.6,RTX PRO 6000
panovggt,replica,apartment_1,synthetic_2.0hz_s1,pano,70,2.877,11.156,11.1562,14.506,23.339,45.1,310.2,0.0,0.0,,NVIDIA RTX PRO 6000 Blackwell Workstation Edition,102.6,RTX PRO 6000
panovggt,replica,apartment_1,stopgo_2.0hz_s0,pano,67,2.774,10.589,10.5887,13.182,24.245,44.5,305.8,0.0,0.0,,NVIDIA RTX PRO 6000 Blackwell Workstation Edition,102.6,RTX PRO 6000
panovggt,replica,apartment_1,synthetic_0.5hz_s0,pano,12,1.114,0.91,0.9103,3.345,12.201,8.2,100.8,0.0,0.0,,NVIDIA RTX PRO 6000 Blackwell Workstation Edition,102.6,RTX PRO 6000
panovggt,replica,apartment_1,synthetic_0.5hz_s1,pano,18,1.493,1.494,1.4944,4.179,13.514,14.2,130.6,0.0,0.0,,NVIDIA RTX PRO 6000 Blackwell Workstation Edition,102.6,RTX PRO 6000
panovggt,replica,apartment_1,synthetic_5.0hz_s1,pano,175,2.154,60.843,60.8435,35.508,43.985,74.7,467.6,0.0,0.0,,NVIDIA RTX PRO 6000 Blackwell Workstation Edition,102.6,RTX PRO 6000
panovggt,replica,apartment_1,synthetic_2.0hz_s0,pano,47,2.51,5.808,5.8081,9.105,19.866,31.0,229.9,0.0,0.0,,NVIDIA RTX PRO 6000 Blackwell Workstation Edition,102.6,RTX PRO 6000
panovggt,replica,apartment_1,synthetic_5.0hz_s0,pano,116,2.564,27.959,27.9592,23.498,32.378,60.8,397.6,0.0,0.0,,NVIDIA RTX PRO 6000 Blackwell Workstation Edition,102.6,RTX PRO 6000
panovggt,replica,apartment_1,loop_2.0hz_s1,pano,96,2.784,19.674,19.6741,19.919,28.443,56.8,372.6,0.0,0.0,,NVIDIA RTX PRO 6000 Blackwell Workstation Edition,102.6,RTX PRO 6000
panovggt,replica,hotel_0,loop_2.0hz_s0,pano,44,2.532,5.323,5.3235,8.926,19.212,29.9,233.9,0.0,0.0,,NVIDIA RTX PRO 6000 Blackwell Workstation Edition,102.6,RTX PRO 6000
panovggt,replica,hotel_0,stopgo_2.0hz_s1,pano,59,2.762,8.613,8.6134,12.043,21.177,40.6,287.0,0.0,0.0,,NVIDIA RTX PRO 6000 Blackwell Workstation Edition,102.6,RTX PRO 6000
panovggt,replica,hotel_0,synthetic_2.0hz_s1,pano,39,2.436,4.442,4.4419,8.001,18.109,26.2,216.4,0.0,0.0,,NVIDIA RTX PRO 6000 Blackwell Workstation Edition,102.6,RTX PRO 6000
panovggt,replica,hotel_0,stopgo_2.0hz_s0,pano,57,2.694,8.15,8.1497,11.564,20.778,37.6,275.6,0.0,0.0,,NVIDIA RTX PRO 6000 Blackwell Workstation Edition,102.6,RTX PRO 6000
panovggt,replica,hotel_0,synthetic_0.5hz_s0,pano,10,0.928,0.753,0.7531,2.969,11.763,7.8,89.8,0.0,0.0,,NVIDIA RTX PRO 6000 Blackwell Workstation Edition,102.6,RTX PRO 6000
panovggt,replica,hotel_0,synthetic_0.5hz_s1,pano,10,0.969,0.763,0.763,3.173,11.763,7.6,95.7,0.0,0.0,,NVIDIA RTX PRO 6000 Blackwell Workstation Edition,102.6,RTX PRO 6000
panovggt,replica,hotel_0,synthetic_5.0hz_s1,pano,97,2.715,20.628,20.6281,20.069,28.638,57.0,380.3,0.0,0.0,,NVIDIA RTX PRO 6000 Blackwell Workstation Edition,102.6,RTX PRO 6000
panovggt,replica,hotel_0,synthetic_2.0hz_s0,pano,37,2.23,4.044,4.0439,7.183,16.844,25.6,194.3,0.0,0.0,,NVIDIA RTX PRO 6000 Blackwell Workstation Edition,102.6,RTX PRO 6000
panovggt,replica,hotel_0,synthetic_5.0hz_s0,pano,93,2.74,19.035,19.0346,19.394,27.858,56.2,369.6,0.0,0.0,,NVIDIA RTX PRO 6000 Blackwell Workstation Edition,102.6,RTX PRO 6000
panovggt,replica,hotel_0,loop_2.0hz_s1,pano,60,2.789,8.812,8.8116,12.49,21.366,41.0,288.6,0.0,0.0,,NVIDIA RTX PRO 6000 Blackwell Workstation Edition,102.6,RTX PRO 6000
panovggt,replica,apartment_0,loop_2.0hz_s0,pano,89,2.648,16.907,16.9066,17.383,29.073,49.6,336.0,0.0,0.0,,NVIDIA RTX PRO 6000 Blackwell Workstation Edition,102.6,RTX PRO 6000
panovggt,replica,apartment_0,stopgo_2.0hz_s1,pano,99,2.744,20.747,20.7474,20.307,29.037,56.9,378.5,0.0,0.0,,NVIDIA RTX PRO 6000 Blackwell Workstation Edition,102.6,RTX PRO 6000
panovggt,replica,apartment_0,synthetic_2.0hz_s1,pano,79,2.865,13.611,13.6107,16.189,25.105,49.9,328.8,0.0,0.0,,NVIDIA RTX PRO 6000 Blackwell Workstation Edition,102.6,RTX PRO 6000
panovggt,replica,apartment_0,stopgo_2.0hz_s0,pano,90,2.773,17.553,17.553,18.455,27.271,54.8,362.9,0.0,0.0,,NVIDIA RTX PRO 6000 Blackwell Workstation Edition,102.6,RTX PRO 6000
panovggt,replica,apartment_0,synthetic_0.5hz_s0,pano,18,1.533,1.465,1.4647,4.219,13.514,13.8,116.8,0.0,0.0,,NVIDIA RTX PRO 6000 Blackwell Workstation Edition,102.6,RTX PRO 6000
panovggt,replica,apartment_0,synthetic_0.5hz_s1,pano,20,1.64,1.709,1.7087,4.535,13.503,15.6,135.5,0.0,0.0,,NVIDIA RTX PRO 6000 Blackwell Workstation Edition,102.6,RTX PRO 6000
panovggt,replica,apartment_0,synthetic_2.0hz,pano,70,2.586,11.643,11.6428,75.772,85.394,44.1,300.1,0.0,0.0,,NVIDIA RTX PRO 6000 Blackwell Workstation Edition,102.6,RTX PRO 6000
panovggt,replica,apartment_0,synthetic_0.5hz,pano,18,1.341,1.584,1.5836,66.042,75.569,14.7,148.7,0.0,0.0,,NVIDIA RTX PRO 6000 Blackwell Workstation Edition,102.6,RTX PRO 6000
panovggt,replica,apartment_0,synthetic_5.0hz,pano,173,2.469,0.0,,95.222,101.683,83.2,504.1,0.0,0.0,,NVIDIA RTX PRO 6000 Blackwell Workstation Edition,102.6,RTX PRO 6000
panovggt,replica,apartment_0,synthetic_5.0hz_s1,pano,196,1.999,74.285,74.2855,39.603,48.115,74.9,473.2,0.0,0.0,,NVIDIA RTX PRO 6000 Blackwell Workstation Edition,102.6,RTX PRO 6000
panovggt,replica,apartment_0,synthetic_2.0hz_s0,pano,70,2.764,11.054,11.0543,14.095,23.339,44.5,298.3,0.0,0.0,,NVIDIA RTX PRO 6000 Blackwell Workstation Edition,102.6,RTX PRO 6000
panovggt,replica,apartment_0,synthetic_5.0hz_s0,pano,173,2.077,58.138,58.138,35.037,43.585,69.4,441.0,0.0,0.0,,NVIDIA RTX PRO 6000 Blackwell Workstation Edition,102.6,RTX PRO 6000
panovggt,replica,apartment_0,loop_2.0hz_s1,pano,90,2.786,17.427,17.4272,18.46,27.271,53.6,355.2,0.0,0.0,,NVIDIA RTX PRO 6000 Blackwell Workstation Edition,102.6,RTX PRO 6000
vggtslam,replica,office_4,synthetic_2.0hz,synthetic_fov,50,3.175,14.26,,2.608,9.017,1.7,104.2,0.0,0.0,,NVIDIA RTX PRO 6000 Blackwell Workstation Edition,102.6,RTX PRO 6000
vggtslam,replica,office_4,synthetic_0.5hz,synthetic_fov,13,0.925,12.787,,2.145,8.309,4.2,105.7,0.0,0.0,,NVIDIA RTX PRO 6000 Blackwell Workstation Edition,102.6,RTX PRO 6000
vggtslam,replica,office_4,synthetic_5.0hz,synthetic_fov,125,7.937,14.159,,2.722,9.017,3.4,104.7,0.0,0.0,,NVIDIA RTX PRO 6000 Blackwell Workstation Edition,102.6,RTX PRO 6000
vggtslam,replica,frl_apartment_0,loop_2.0hz_s0,synthetic_fov,106,6.04,15.597,,3.247,9.02,4.4,107.6,0.0,0.0,,NVIDIA RTX PRO 6000 Blackwell Workstation Edition,102.6,RTX PRO 6000
vggtslam,replica,frl_apartment_0,stopgo_2.0hz_s1,synthetic_fov,77,5.101,13.627,,2.447,9.017,3.6,94.1,0.0,0.0,,NVIDIA RTX PRO 6000 Blackwell Workstation Edition,102.6,RTX PRO 6000
vggtslam,replica,frl_apartment_0,synthetic_2.0hz_s1,synthetic_fov,57,3.766,13.65,,2.461,9.017,3.7,91.8,0.0,0.0,,NVIDIA RTX PRO 6000 Blackwell Workstation Edition,102.6,RTX PRO 6000
vggtslam,replica,frl_apartment_0,stopgo_2.0hz_s0,synthetic_fov,100,6.41,13.9,,2.811,9.02,2.3,99.1,0.0,0.0,,NVIDIA RTX PRO 6000 Blackwell Workstation Edition,102.6,RTX PRO 6000
vggtslam,replica,frl_apartment_0,synthetic_0.5hz_s0,synthetic_fov,20,1.431,12.626,,2.184,8.6,0.5,85.4,0.0,0.0,,NVIDIA RTX PRO 6000 Blackwell Workstation Edition,102.6,RTX PRO 6000
vggtslam,replica,frl_apartment_0,synthetic_0.5hz_s1,synthetic_fov,15,1.084,12.526,,2.096,8.309,1.4,86.2,0.0,0.0,,NVIDIA RTX PRO 6000 Blackwell Workstation Edition,102.6,RTX PRO 6000
vggtslam,replica,frl_apartment_0,synthetic_5.0hz_s1,synthetic_fov,141,8.885,14.216,,2.808,9.017,4.3,100.3,0.0,0.0,,NVIDIA RTX PRO 6000 Blackwell Workstation Edition,102.6,RTX PRO 6000
vggtslam,replica,frl_apartment_0,synthetic_2.0hz_s0,synthetic_fov,80,4.953,14.478,,2.799,9.02,2.0,99.4,0.0,0.0,,NVIDIA RTX PRO 6000 Blackwell Workstation Edition,102.6,RTX PRO 6000
vggtslam,replica,frl_apartment_0,synthetic_5.0hz_s0,synthetic_fov,198,11.343,15.57,,3.24,9.02,3.9,105.7,0.0,0.0,,NVIDIA RTX PRO 6000 Blackwell Workstation Edition,102.6,RTX PRO 6000
vggtslam,replica,frl_apartment_0,loop_2.0hz_s1,synthetic_fov,74,4.576,14.562,,2.644,9.017,3.1,94.4,0.0,0.0,,NVIDIA RTX PRO 6000 Blackwell Workstation Edition,102.6,RTX PRO 6000
vggtslam,replica,apartment_1,loop_2.0hz_s0,synthetic_fov,84,5.024,15.007,,3.056,9.02,2.2,107.0,0.0,0.0,,NVIDIA RTX PRO 6000 Blackwell Workstation Edition,102.6,RTX PRO 6000
vggtslam,replica,apartment_1,stopgo_2.0hz_s1,synthetic_fov,90,5.281,15.546,,2.769,9.02,3.0,103.7,0.0,0.0,,NVIDIA RTX PRO 6000 Blackwell Workstation Edition,102.6,RTX PRO 6000
vggtslam,replica,apartment_1,synthetic_2.0hz_s1,synthetic_fov,70,4.353,14.592,,2.76,9.02,7.8,100.2,0.0,0.0,,NVIDIA RTX PRO 6000 Blackwell Workstation Edition,102.6,RTX PRO 6000
vggtslam,replica,apartment_1,stopgo_2.0hz_s0,synthetic_fov,67,4.261,14.122,,2.761,9.017,2.5,104.5,0.0,0.0,,NVIDIA RTX PRO 6000 Blackwell Workstation Edition,102.6,RTX PRO 6000
vggtslam,replica,apartment_1,synthetic_0.5hz_s0,synthetic_fov,12,0.879,12.426,,2.054,8.166,1.6,81.5,0.0,0.0,,NVIDIA RTX PRO 6000 Blackwell Workstation Edition,102.6,RTX PRO 6000
vggtslam,replica,apartment_1,synthetic_0.5hz_s1,synthetic_fov,18,1.204,13.644,,2.184,8.894,1.4,86.5,0.0,0.0,,NVIDIA RTX PRO 6000 Blackwell Workstation Edition,102.6,RTX PRO 6000
vggtslam,replica,apartment_1,synthetic_5.0hz_s1,synthetic_fov,175,9.792,16.0,,3.509,9.02,10.6,119.1,0.0,0.0,,NVIDIA RTX PRO 6000 Blackwell Workstation Edition,102.6,RTX PRO 6000
vggtslam,replica,apartment_1,synthetic_2.0hz_s0,synthetic_fov,47,2.976,14.266,,2.557,9.017,4.3,94.2,0.0,0.0,,NVIDIA RTX PRO 6000 Blackwell Workstation Edition,102.6,RTX PRO 6000
vggtslam,replica,apartment_1,synthetic_5.0hz_s0,synthetic_fov,116,6.572,16.016,,2.96,9.02,6.1,107.8,0.0,0.0,,NVIDIA RTX PRO 6000 Blackwell Workstation Edition,102.6,RTX PRO 6000
vggtslam,replica,apartment_1,loop_2.0hz_s1,synthetic_fov,96,5.257,16.517,,3.153,9.02,6.2,108.7,0.0,0.0,,NVIDIA RTX PRO 6000 Blackwell Workstation Edition,102.6,RTX PRO 6000
vggtslam,replica,hotel_0,loop_2.0hz_s0,synthetic_fov,44,2.803,14.115,,2.518,9.017,5.5,95.1,0.0,0.0,,NVIDIA RTX PRO 6000 Blackwell Workstation Edition,102.6,RTX PRO 6000
vggtslam,replica,hotel_0,stopgo_2.0hz_s1,synthetic_fov,59,3.614,14.542,,2.936,9.02,8.5,104.4,0.0,0.0,,NVIDIA RTX PRO 6000 Blackwell Workstation Edition,102.6,RTX PRO 6000
vggtslam,replica,hotel_0,synthetic_2.0hz_s1,synthetic_fov,39,2.564,13.723,,2.547,9.02,6.3,98.6,0.0,0.0,,NVIDIA RTX PRO 6000 Blackwell Workstation Edition,102.6,RTX PRO 6000
vggtslam,replica,hotel_0,stopgo_2.0hz_s0,synthetic_fov,57,3.858,13.309,,2.439,9.017,2.8,92.5,0.0,0.0,,NVIDIA RTX PRO 6000 Blackwell Workstation Edition,102.6,RTX PRO 6000
vggtslam,replica,hotel_0,synthetic_0.5hz_s0,synthetic_fov,10,0.746,12.177,,2.003,7.533,2.8,78.2,0.0,0.0,,NVIDIA RTX PRO 6000 Blackwell Workstation Edition,102.6,RTX PRO 6000
vggtslam,replica,hotel_0,synthetic_0.5hz_s1,synthetic_fov,10,0.728,12.475,,2.069,8.166,3.3,85.4,0.0,0.0,,NVIDIA RTX PRO 6000 Blackwell Workstation Edition,102.6,RTX PRO 6000
vggtslam,replica,hotel_0,synthetic_5.0hz_s1,synthetic_fov,97,5.761,15.022,,3.133,9.02,3.5,110.1,0.0,0.0,,NVIDIA RTX PRO 6000 Blackwell Workstation Edition,102.6,RTX PRO 6000
vggtslam,replica,hotel_0,synthetic_2.0hz_s0,synthetic_fov,37,2.523,13.185,,2.459,9.017,5.6,91.3,0.0,0.0,,NVIDIA RTX PRO 6000 Blackwell Workstation Edition,102.6,RTX PRO 6000
vggtslam,replica,hotel_0,synthetic_5.0hz_s0,synthetic_fov,93,5.855,14.253,,2.696,9.017,2.8,98.2,0.0,0.0,,NVIDIA RTX PRO 6000 Blackwell Workstation Edition,102.6,RTX PRO 6000
vggtslam,replica,hotel_0,loop_2.0hz_s1,synthetic_fov,60,3.651,14.788,,2.774,9.02,6.7,100.7,0.0,0.0,,NVIDIA RTX PRO 6000 Blackwell Workstation Edition,102.6,RTX PRO 6000
vggtslam,replica,apartment_0,loop_2.0hz_s0,synthetic_fov,89,5.134,15.455,,3.087,9.02,2.1,108.8,0.0,0.0,,NVIDIA RTX PRO 6000 Blackwell Workstation Edition,102.6,RTX PRO 6000
vggtslam,replica,apartment_0,stopgo_2.0hz_s1,synthetic_fov,99,6.107,14.425,,2.941,9.017,4.7,109.6,0.0,0.0,,NVIDIA RTX PRO 6000 Blackwell Workstation Edition,102.6,RTX PRO 6000
vggtslam,replica,apartment_0,synthetic_2.0hz_s1,synthetic_fov,79,4.669,15.127,,2.883,9.017,2.6,104.8,0.0,0.0,,NVIDIA RTX PRO 6000 Blackwell Workstation Edition,102.6,RTX PRO 6000
vggtslam,replica,apartment_0,stopgo_2.0hz_s0,synthetic_fov,90,5.844,13.894,,2.622,9.017,1.9,101.4,0.0,0.0,,NVIDIA RTX PRO 6000 Blackwell Workstation Edition,102.6,RTX PRO 6000
vggtslam,replica,apartment_0,synthetic_0.5hz_s0,synthetic_fov,18,1.25,13.035,,2.2,8.751,3.0,89.9,0.0,0.0,,NVIDIA RTX PRO 6000 Blackwell Workstation Edition,102.6,RTX PRO 6000
vggtslam,replica,apartment_0,synthetic_0.5hz_s1,synthetic_fov,20,1.323,13.666,,2.328,9.017,4.6,93.7,0.0,0.0,,NVIDIA RTX PRO 6000 Blackwell Workstation Edition,102.6,RTX PRO 6000
vggtslam,replica,apartment_0,synthetic_2.0hz,synthetic_fov,70,4.27,14.893,,2.545,9.017,1.9,102.4,0.0,0.0,,NVIDIA RTX PRO 6000 Blackwell Workstation Edition,102.6,RTX PRO 6000
vggtslam,replica,apartment_0,synthetic_0.5hz,synthetic_fov,18,1.235,13.224,,2.235,8.751,1.6,94.9,0.0,0.0,,NVIDIA RTX PRO 6000 Blackwell Workstation Edition,102.6,RTX PRO 6000
vggtslam,replica,apartment_0,synthetic_5.0hz,synthetic_fov,173,8.232,19.119,,78.676,101.398,6.2,107.2,0.0,0.0,,NVIDIA RTX PRO 6000 Blackwell Workstation Edition,102.6,RTX PRO 6000
vggtslam,replica,apartment_0,synthetic_5.0hz_s1,synthetic_fov,196,10.571,16.491,,3.353,9.02,4.2,112.2,0.0,0.0,,NVIDIA RTX PRO 6000 Blackwell Workstation Edition,102.6,RTX PRO 6000
vggtslam,replica,apartment_0,synthetic_2.0hz_s0,synthetic_fov,70,3.912,16.362,,2.495,9.017,4.0,94.2,0.0,0.0,,NVIDIA RTX PRO 6000 Blackwell Workstation Edition,102.6,RTX PRO 6000
vggtslam,replica,apartment_0,synthetic_5.0hz_s0,synthetic_fov,173,9.424,16.421,,3.218,9.02,5.4,110.9,0.0,0.0,,NVIDIA RTX PRO 6000 Blackwell Workstation Edition,102.6,RTX PRO 6000
vggtslam,replica,apartment_0,loop_2.0hz_s1,synthetic_fov,90,4.927,16.314,,3.122,9.02,4.5,107.3,0.0,0.0,,NVIDIA RTX PRO 6000 Blackwell Workstation Edition,102.6,RTX PRO 6000
prism_sl4,replica,office_4,synthetic_2.0hz,pano,50,2.876,5.648,1.1547,76.97,85.903,25.0,203.2,0.0,3939.9,0,NVIDIA RTX PRO 6000 Blackwell Workstation Edition,102.6,RTX PRO 6000
prism_sl4,replica,office_4,synthetic_0.5hz,pano,13,0.716,3.143,1.5716,75.497,87.633,10.8,120.7,0.0,3939.9,0,NVIDIA RTX PRO 6000 Blackwell Workstation Edition,102.6,RTX PRO 6000
prism_sl4,replica,office_4,synthetic_5.0hz,pano,125,4.565,15.17,1.2845,78.903,86.007,44.7,301.1,0.0,3939.9,0,NVIDIA RTX PRO 6000 Blackwell Workstation Edition,102.6,RTX PRO 6000
prism_sl4,replica,apartment_0,synthetic_2.0hz,pano,70,3.079,10.511,1.3514,78.607,86.007,30.8,206.3,0.0,3939.9,0,NVIDIA RTX PRO 6000 Blackwell Workstation Edition,102.6,RTX PRO 6000
prism_sl4,replica,apartment_0,synthetic_0.5hz,pano,18,1.134,5.265,2.6303,78.185,91.756,16.0,117.0,0.0,3939.9,0,NVIDIA RTX PRO 6000 Blackwell Workstation Edition,102.6,RTX PRO 6000
prism_sl4,replica,apartment_0,synthetic_5.0hz,pano,173,4.601,24.453,1.2996,80.56,86.486,49.7,303.9,0.0,3939.9,0,NVIDIA RTX PRO 6000 Blackwell Workstation Edition,102.6,RTX PRO 6000
pi3,replica,office_4,synthetic_2.0hz,synthetic_fov,50,4.431,2.53,2.5298,71.891,97.29,25.0,203.9,0.0,0.0,,NVIDIA RTX PRO 6000 Blackwell Workstation Edition,102.6,RTX PRO 6000
pi3,replica,office_4,synthetic_0.5hz,synthetic_fov,13,1.586,0.839,0.8389,65.342,78.034,7.1,137.7,0.0,0.0,,NVIDIA RTX PRO 6000 Blackwell Workstation Edition,102.6,RTX PRO 6000
pi3,replica,office_4,synthetic_5.0hz,synthetic_fov,125,12.598,0.0,,71.226,102.141,18.2,159.6,0.0,0.0,,NVIDIA RTX PRO 6000 Blackwell Workstation Edition,102.6,RTX PRO 6000
pi3,replica,frl_apartment_0,loop_2.0hz_s0,synthetic_fov,106,5.98,6.883,6.8834,19.225,32.885,39.1,285.3,0.0,0.0,,NVIDIA RTX PRO 6000 Blackwell Workstation Edition,102.6,RTX PRO 6000
pi3,replica,frl_apartment_0,stopgo_2.0hz_s1,synthetic_fov,77,5.478,4.285,4.2848,14.299,35.683,31.2,238.7,0.0,0.0,,NVIDIA RTX PRO 6000 Blackwell Workstation Edition,102.6,RTX PRO 6000
pi3,replica,frl_apartment_0,synthetic_2.0hz_s1,synthetic_fov,57,4.686,2.884,2.8844,11.659,38.826,20.9,194.7,0.0,0.0,,NVIDIA RTX PRO 6000 Blackwell Workstation Edition,102.6,RTX PRO 6000
pi3,replica,frl_apartment_0,stopgo_2.0hz_s0,synthetic_fov,100,5.762,6.324,6.3243,17.226,31.501,38.8,273.6,0.0,0.0,,NVIDIA RTX PRO 6000 Blackwell Workstation Edition,102.6,RTX PRO 6000
pi3,replica,frl_apartment_0,synthetic_0.5hz_s0,synthetic_fov,20,2.179,1.06,1.0596,4.336,21.049,10.8,110.8,0.0,0.0,,NVIDIA RTX PRO 6000 Blackwell Workstation Edition,102.6,RTX PRO 6000
pi3,replica,frl_apartment_0,synthetic_0.5hz_s1,synthetic_fov,15,1.828,0.879,0.8793,3.891,18.214,9.8,107.0,0.0,0.0,,NVIDIA RTX PRO 6000 Blackwell Workstation Edition,102.6,RTX PRO 6000
pi3,replica,frl_apartment_0,synthetic_5.0hz_s1,synthetic_fov,141,6.027,10.9,10.9,33.199,50.824,51.3,336.3,0.0,0.0,,NVIDIA RTX PRO 6000 Blackwell Workstation Edition,102.6,RTX PRO 6000
pi3,replica,frl_apartment_0,synthetic_2.0hz_s0,synthetic_fov,80,5.548,4.513,4.5133,15.041,36.696,35.1,240.4,0.0,0.0,,NVIDIA RTX PRO 6000 Blackwell Workstation Edition,102.6,RTX PRO 6000
pi3,replica,frl_apartment_0,synthetic_5.0hz_s0,synthetic_fov,198,5.822,19.175,19.1751,62.948,86.717,59.2,388.5,0.0,0.0,,NVIDIA RTX PRO 6000 Blackwell Workstation Edition,102.6,RTX PRO 6000
pi3,replica,frl_apartment_0,loop_2.0hz_s1,synthetic_fov,74,5.458,4.067,4.067,13.999,35.479,34.1,239.0,0.0,0.0,,NVIDIA RTX PRO 6000 Blackwell Workstation Edition,102.6,RTX PRO 6000
pi3,replica,apartment_1,loop_2.0hz_s0,synthetic_fov,84,5.693,4.873,4.8734,15.588,38.082,34.0,251.2,0.0,0.0,,NVIDIA RTX PRO 6000 Blackwell Workstation Edition,102.6,RTX PRO 6000
pi3,replica,apartment_1,stopgo_2.0hz_s1,synthetic_fov,90,5.93,5.388,5.3879,15.509,31.981,35.0,269.0,0.0,0.0,,NVIDIA RTX PRO 6000 Blackwell Workstation Edition,102.6,RTX PRO 6000
pi3,replica,apartment_1,synthetic_2.0hz_s1,synthetic_fov,70,5.25,3.707,3.7067,13.233,39.867,28.0,217.3,0.0,0.0,,NVIDIA RTX PRO 6000 Blackwell Workstation Edition,102.6,RTX PRO 6000
pi3,replica,apartment_1,stopgo_2.0hz_s0,synthetic_fov,67,5.36,3.56,3.5599,12.875,38.227,31.1,224.4,0.0,0.0,,NVIDIA RTX PRO 6000 Blackwell Workstation Edition,102.6,RTX PRO 6000
pi3,replica,apartment_1,synthetic_0.5hz_s0,synthetic_fov,12,1.421,0.777,0.7766,3.127,17.148,5.6,91.1,0.0,0.0,,NVIDIA RTX PRO 6000 Blackwell Workstation Edition,102.6,RTX PRO 6000
pi3,replica,apartment_1,synthetic_0.5hz_s1,synthetic_fov,18,2.201,1.001,1.001,3.886,15.808,9.6,115.1,0.0,0.0,,NVIDIA RTX PRO 6000 Blackwell Workstation Edition,102.6,RTX PRO 6000
pi3,replica,apartment_1,synthetic_5.0hz_s1,synthetic_fov,175,6.077,15.698,15.6981,49.798,70.978,57.6,378.8,0.0,0.0,,NVIDIA RTX PRO 6000 Blackwell Workstation Edition,102.6,RTX PRO 6000
pi3,replica,apartment_1,synthetic_2.0hz_s0,synthetic_fov,47,4.338,2.297,2.2969,9.221,33.986,19.8,179.0,0.0,0.0,,NVIDIA RTX PRO 6000 Blackwell Workstation Edition,102.6,RTX PRO 6000
pi3,replica,apartment_1,synthetic_5.0hz_s0,synthetic_fov,116,5.873,7.962,7.9616,22.231,38.401,43.8,300.4,0.0,0.0,,NVIDIA RTX PRO 6000 Blackwell Workstation Edition,102.6,RTX PRO 6000
pi3,replica,apartment_1,loop_2.0hz_s1,synthetic_fov,96,6.076,5.887,5.8867,17.654,34.276,40.6,277.5,0.0,0.0,,NVIDIA RTX PRO 6000 Blackwell Workstation Edition,102.6,RTX PRO 6000
pi3,replica,hotel_0,loop_2.0hz_s0,synthetic_fov,44,4.299,2.139,2.1391,8.611,32.065,22.0,179.1,0.0,0.0,,NVIDIA RTX PRO 6000 Blackwell Workstation Edition,102.6,RTX PRO 6000
pi3,replica,hotel_0,stopgo_2.0hz_s1,synthetic_fov,59,5.084,3.033,3.0329,11.562,39.512,22.7,207.4,0.0,0.0,,NVIDIA RTX PRO 6000 Blackwell Workstation Edition,102.6,RTX PRO 6000
pi3,replica,hotel_0,synthetic_2.0hz_s1,synthetic_fov,39,4.068,1.86,1.8596,7.671,29.15,19.8,166.3,0.0,0.0,,NVIDIA RTX PRO 6000 Blackwell Workstation Edition,102.6,RTX PRO 6000
pi3,replica,hotel_0,stopgo_2.0hz_s0,synthetic_fov,57,4.918,2.893,2.8928,11.206,38.826,29.6,204.5,0.0,0.0,,NVIDIA RTX PRO 6000 Blackwell Workstation Edition,102.6,RTX PRO 6000
pi3,replica,hotel_0,synthetic_0.5hz_s0,synthetic_fov,10,1.258,0.726,0.7259,2.858,15.387,3.2,85.4,0.0,0.0,,NVIDIA RTX PRO 6000 Blackwell Workstation Edition,102.6,RTX PRO 6000
pi3,replica,hotel_0,synthetic_0.5hz_s1,synthetic_fov,10,1.334,0.728,0.728,3.148,15.387,6.5,94.5,0.0,0.0,,NVIDIA RTX PRO 6000 Blackwell Workstation Edition,102.6,RTX PRO 6000
pi3,replica,hotel_0,synthetic_5.0hz_s1,synthetic_fov,97,5.775,6.129,6.1288,16.582,33.653,38.6,276.0,0.0,0.0,,NVIDIA RTX PRO 6000 Blackwell Workstation Edition,102.6,RTX PRO 6000
pi3,replica,hotel_0,synthetic_2.0hz_s0,synthetic_fov,37,3.808,1.767,1.7673,7.175,28.555,20.3,156.8,0.0,0.0,,NVIDIA RTX PRO 6000 Blackwell Workstation Edition,102.6,RTX PRO 6000
pi3,replica,hotel_0,synthetic_5.0hz_s0,synthetic_fov,93,5.891,5.684,5.6839,15.748,32.141,39.2,278.4,0.0,0.0,,NVIDIA RTX PRO 6000 Blackwell Workstation Edition,102.6,RTX PRO 6000
pi3,replica,hotel_0,loop_2.0hz_s1,synthetic_fov,60,5.038,3.109,3.1092,11.966,40.471,29.6,209.0,0.0,0.0,,NVIDIA RTX PRO 6000 Blackwell Workstation Edition,102.6,RTX PRO 6000
pi3,replica,apartment_0,loop_2.0hz_s0,synthetic_fov,89,5.751,5.241,5.2406,15.175,31.606,36.9,258.1,0.0,0.0,,NVIDIA RTX PRO 6000 Blackwell Workstation Edition,102.6,RTX PRO 6000
pi3,replica,apartment_0,stopgo_2.0hz_s1,synthetic_fov,99,5.977,6.278,6.2782,17.875,34.431,40.2,277.8,0.0,0.0,,NVIDIA RTX PRO 6000 Blackwell Workstation Edition,102.6,RTX PRO 6000
pi3,replica,apartment_0,synthetic_2.0hz_s1,synthetic_fov,79,5.571,4.384,4.3843,14.376,36.354,30.3,237.2,0.0,0.0,,NVIDIA RTX PRO 6000 Blackwell Workstation Edition,102.6,RTX PRO 6000
pi3,replica,apartment_0,stopgo_2.0hz_s0,synthetic_fov,90,5.713,5.397,5.3974,15.522,31.981,39.0,263.4,0.0,0.0,,NVIDIA RTX PRO 6000 Blackwell Workstation Edition,102.6,RTX PRO 6000
pi3,replica,apartment_0,synthetic_0.5hz_s0,synthetic_fov,18,2.102,0.973,0.9733,3.8,15.808,9.9,97.2,0.0,0.0,,NVIDIA RTX PRO 6000 Blackwell Workstation Edition,102.6,RTX PRO 6000
pi3,replica,apartment_0,synthetic_0.5hz_s1,synthetic_fov,20,2.433,1.084,1.0843,4.845,21.049,7.2,112.9,0.0,0.0,,NVIDIA RTX PRO 6000 Blackwell Workstation Edition,102.6,RTX PRO 6000
pi3,replica,apartment_0,synthetic_2.0hz,synthetic_fov,70,4.947,3.786,3.7863,55.681,82.572,28.2,220.7,0.0,0.0,,NVIDIA RTX PRO 6000 Blackwell Workstation Edition,102.6,RTX PRO 6000
pi3,replica,apartment_0,synthetic_0.5hz,synthetic_fov,18,2.151,1.022,1.022,65.834,77.675,11.4,147.8,0.0,0.0,,NVIDIA RTX PRO 6000 Blackwell Workstation Edition,102.6,RTX PRO 6000
pi3,replica,apartment_0,synthetic_5.0hz,synthetic_fov,173,6.048,15.138,15.1382,49.013,69.686,54.9,364.6,0.0,0.0,,NVIDIA RTX PRO 6000 Blackwell Workstation Edition,102.6,RTX PRO 6000
pi3,replica,apartment_0,synthetic_5.0hz_s1,synthetic_fov,196,5.922,18.971,18.9709,62.244,85.278,60.9,391.4,0.0,0.0,,NVIDIA RTX PRO 6000 Blackwell Workstation Edition,102.6,RTX PRO 6000
pi3,replica,apartment_0,synthetic_2.0hz_s0,synthetic_fov,70,5.123,3.714,3.7136,13.474,39.867,31.0,215.9,0.0,0.0,,NVIDIA RTX PRO 6000 Blackwell Workstation Edition,102.6,RTX PRO 6000
pi3,replica,apartment_0,synthetic_5.0hz_s0,synthetic_fov,173,5.837,15.292,15.2922,47.498,69.686,54.7,361.8,0.0,0.0,,NVIDIA RTX PRO 6000 Blackwell Workstation Edition,102.6,RTX PRO 6000
pi3,replica,apartment_0,loop_2.0hz_s1,synthetic_fov,90,5.824,5.362,5.3622,15.592,31.981,39.7,266.4,0.0,0.0,,NVIDIA RTX PRO 6000 Blackwell Workstation Edition,102.6,RTX PRO 6000
prism_sim3,replica,frl_apartment_0,loop_2.0hz_s0,pano,106,3.772,16.25,1.37,8.105,15.284,41.5,261.4,0.0,3939.9,0,NVIDIA RTX PRO 6000 Blackwell Workstation Edition,102.6,RTX PRO 6000
prism_sim3,replica,frl_apartment_0,stopgo_2.0hz_s1,pano,77,3.412,11.31,1.2976,6.752,13.944,36.9,238.9,0.0,3939.9,0,NVIDIA RTX PRO 6000 Blackwell Workstation Edition,102.6,RTX PRO 6000
prism_sim3,replica,frl_apartment_0,synthetic_2.0hz_s1,pano,57,3.089,8.059,1.3538,6.175,13.772,31.3,200.9,0.0,3939.9,0,NVIDIA RTX PRO 6000 Blackwell Workstation Edition,102.6,RTX PRO 6000
prism_sim3,replica,frl_apartment_0,stopgo_2.0hz_s0,pano,100,3.736,15.832,1.2996,7.974,14.118,42.8,272.2,0.0,3939.9,0,NVIDIA RTX PRO 6000 Blackwell Workstation Edition,102.6,RTX PRO 6000
prism_sim3,replica,frl_apartment_0,synthetic_0.5hz_s0,pano,20,1.35,4.109,2.0542,5.088,18.249,15.4,106.2,0.0,3939.9,0,NVIDIA RTX PRO 6000 Blackwell Workstation Edition,102.6,RTX PRO 6000
prism_sim3,replica,frl_apartment_0,synthetic_0.5hz_s1,pano,15,1.031,4.086,2.0429,4.875,18.1,13.6,106.9,0.0,3939.9,0,NVIDIA RTX PRO 6000 Blackwell Workstation Edition,102.6,RTX PRO 6000
prism_sim3,replica,frl_apartment_0,synthetic_5.0hz_s1,pano,141,4.779,17.89,1.2975,7.628,13.805,48.9,303.8,0.0,3939.9,0,NVIDIA RTX PRO 6000 Blackwell Workstation Edition,102.6,RTX PRO 6000
prism_sim3,replica,frl_apartment_0,synthetic_2.0hz_s0,pano,80,3.388,12.009,1.3455,7.062,13.902,34.4,233.6,0.0,3939.9,0,NVIDIA RTX PRO 6000 Blackwell Workstation Edition,102.6,RTX PRO 6000
prism_sim3,replica,frl_apartment_0,synthetic_5.0hz_s0,pano,198,4.988,27.236,1.3049,8.95,14.825,53.0,332.1,0.0,3939.9,0,NVIDIA RTX PRO 6000 Blackwell Workstation Edition,102.6,RTX PRO 6000
prism_sim3,replica,frl_apartment_0,loop_2.0hz_s1,pano,74,3.517,9.982,1.327,6.585,13.944,34.5,220.2,0.0,3939.9,0,NVIDIA RTX PRO 6000 Blackwell Workstation Edition,102.6,RTX PRO 6000
prism_sim3,replica,apartment_1,loop_2.0hz_s0,pano,84,5.369,0.0,,5.176,14.422,20.9,168.4,0.0,0.0,,NVIDIA RTX PRO 6000 Blackwell Workstation Edition,102.6,RTX PRO 6000
prism_sim3,replica,apartment_1,stopgo_2.0hz_s1,pano,90,3.413,14.696,1.429,8.36,15.928,39.2,238.9,0.0,3939.9,0,NVIDIA RTX PRO 6000 Blackwell Workstation Edition,102.6,RTX PRO 6000
prism_sim3,replica,apartment_1,synthetic_2.0hz_s1,pano,70,3.19,11.012,1.5102,8.054,19.428,34.6,212.8,0.0,3939.9,0,NVIDIA RTX PRO 6000 Blackwell Workstation Edition,102.6,RTX PRO 6000
prism_sim3,replica,apartment_1,stopgo_2.0hz_s0,pano,67,4.036,0.0,,5.518,14.422,27.4,203.0,0.0,0.0,,NVIDIA RTX PRO 6000 Blackwell Workstation Edition,102.6,RTX PRO 6000
prism_sim3,replica,apartment_1,synthetic_0.5hz_s0,pano,12,0.843,3.533,1.7664,4.414,15.756,11.2,91.4,0.0,3939.9,0,NVIDIA RTX PRO 6000 Blackwell Workstation Edition,102.6,RTX PRO 6000
prism_sim3,replica,apartment_1,synthetic_0.5hz_s1,pano,18,1.192,4.37,2.1849,5.149,17.41,16.8,108.6,0.0,3939.9,0,NVIDIA RTX PRO 6000 Blackwell Workstation Edition,102.6,RTX PRO 6000
prism_sim3,replica,apartment_1,synthetic_5.0hz_s1,pano,175,3.497,37.584,1.2898,14.591,24.339,41.5,261.8,0.0,3939.9,0,NVIDIA RTX PRO 6000 Blackwell Workstation Edition,102.6,RTX PRO 6000
prism_sim3,replica,apartment_1,synthetic_2.0hz_s0,pano,47,3.06,0.0,,5.069,14.246,25.1,170.4,0.0,0.0,,NVIDIA RTX PRO 6000 Blackwell Workstation Edition,102.6,RTX PRO 6000
prism_sim3,replica,apartment_1,synthetic_5.0hz_s0,pano,116,6.659,0.0,,5.4,13.944,26.5,195.1,0.0,0.0,,NVIDIA RTX PRO 6000 Blackwell Workstation Edition,102.6,RTX PRO 6000
prism_sim3,replica,apartment_1,loop_2.0hz_s1,pano,96,3.706,14.774,1.4326,8.347,15.269,42.4,240.7,0.0,3939.9,0,NVIDIA RTX PRO 6000 Blackwell Workstation Edition,102.6,RTX PRO 6000
prism_sim3,replica,hotel_0,loop_2.0hz_s0,pano,44,2.914,0.0,,4.803,13.703,25.5,181.6,0.0,0.0,,NVIDIA RTX PRO 6000 Blackwell Workstation Edition,102.6,RTX PRO 6000
prism_sim3,replica,hotel_0,stopgo_2.0hz_s1,pano,59,3.936,0.0,,4.936,13.94,25.4,179.6,0.0,0.0,,NVIDIA RTX PRO 6000 Blackwell Workstation Edition,102.6,RTX PRO 6000
prism_sim3,replica,hotel_0,synthetic_2.0hz_s1,pano,39,2.445,5.076,1.2786,4.901,13.944,22.7,146.7,0.0,3939.9,0,NVIDIA RTX PRO 6000 Blackwell Workstation Edition,102.6,RTX PRO 6000
prism_sim3,replica,hotel_0,stopgo_2.0hz_s0,pano,57,3.42,0.0,,5.367,13.568,28.9,198.1,0.0,0.0,,NVIDIA RTX PRO 6000 Blackwell Workstation Edition,102.6,RTX PRO 6000
prism_sim3,replica,hotel_0,synthetic_0.5hz_s0,pano,10,0.713,3.321,1.6604,4.172,14.915,10.3,87.1,0.0,3939.9,0,NVIDIA RTX PRO 6000 Blackwell Workstation Edition,102.6,RTX PRO 6000
prism_sim3,replica,hotel_0,synthetic_0.5hz_s1,pano,10,0.662,3.8,1.9002,4.479,16.03,10.9,85.2,0.0,3939.9,0,NVIDIA RTX PRO 6000 Blackwell Workstation Edition,102.6,RTX PRO 6000
prism_sim3,replica,hotel_0,synthetic_5.0hz_s1,pano,97,5.808,0.0,,5.575,13.566,27.8,205.2,0.0,0.0,,NVIDIA RTX PRO 6000 Blackwell Workstation Edition,102.6,RTX PRO 6000
prism_sim3,replica,hotel_0,synthetic_2.0hz_s0,pano,37,2.444,4.047,0.8123,4.466,13.703,18.5,147.8,0.0,3939.9,0,NVIDIA RTX PRO 6000 Blackwell Workstation Edition,102.6,RTX PRO 6000
prism_sim3,replica,hotel_0,synthetic_5.0hz_s0,pano,93,4.854,0.0,,6.548,13.944,37.9,252.5,0.0,0.0,,NVIDIA RTX PRO 6000 Blackwell Workstation Edition,102.6,RTX PRO 6000
prism_sim3,replica,hotel_0,loop_2.0hz_s1,pano,60,3.131,8.364,1.3595,6.048,13.738,31.9,204.4,0.0,3939.9,0,NVIDIA RTX PRO 6000 Blackwell Workstation Edition,102.6,RTX PRO 6000
prism_sim3,replica,apartment_0,loop_2.0hz_s0,pano,89,3.413,14.505,1.4837,7.96,14.869,39.9,239.1,0.0,3939.9,0,NVIDIA RTX PRO 6000 Blackwell Workstation Edition,102.6,RTX PRO 6000
prism_sim3,replica,apartment_0,stopgo_2.0hz_s1,pano,99,3.655,14.892,1.3694,7.985,15.03,38.9,233.9,0.0,3939.9,0,NVIDIA RTX PRO 6000 Blackwell Workstation Edition,102.6,RTX PRO 6000
prism_sim3,replica,apartment_0,synthetic_2.0hz_s1,pano,79,3.011,14.479,1.4597,8.452,16.532,35.5,211.7,0.0,3939.9,0,NVIDIA RTX PRO 6000 Blackwell Workstation Edition,102.6,RTX PRO 6000
prism_sim3,replica,apartment_0,stopgo_2.0hz_s0,pano,90,3.46,14.443,1.3308,8.309,18.901,38.5,240.7,0.0,3939.9,0,NVIDIA RTX PRO 6000 Blackwell Workstation Edition,102.6,RTX PRO 6000
prism_sim3,replica,apartment_0,synthetic_0.5hz_s0,pano,18,1.147,5.162,2.5797,6.054,19.692,16.4,104.2,0.0,3939.9,0,NVIDIA RTX PRO 6000 Blackwell Workstation Edition,102.6,RTX PRO 6000
prism_sim3,replica,apartment_0,synthetic_0.5hz_s1,pano,20,1.334,4.452,2.2257,5.277,17.545,16.3,109.7,0.0,3939.9,0,NVIDIA RTX PRO 6000 Blackwell Workstation Edition,102.6,RTX PRO 6000
prism_sim3,replica,apartment_0,synthetic_5.0hz_s1,pano,196,11.715,0.0,,5.16,13.633,19.4,155.3,0.0,0.0,,NVIDIA RTX PRO 6000 Blackwell Workstation Edition,102.6,RTX PRO 6000
prism_sim3,replica,apartment_0,synthetic_2.0hz_s0,pano,70,3.154,10.792,1.457,6.897,13.944,32.6,209.3,0.0,3939.9,0,NVIDIA RTX PRO 6000 Blackwell Workstation Edition,102.6,RTX PRO 6000
prism_sim3,replica,apartment_0,synthetic_5.0hz_s0,pano,173,4.583,25.141,1.294,8.738,14.527,48.3,301.7,0.0,3939.9,0,NVIDIA RTX PRO 6000 Blackwell Workstation Edition,102.6,RTX PRO 6000
prism_sim3,replica,apartment_0,loop_2.0hz_s1,pano,90,3.278,15.66,1.3804,8.197,15.187,39.2,229.3,0.0,3939.9,0,NVIDIA RTX PRO 6000 Blackwell Workstation Edition,102.6,RTX PRO 6000
prism,replica,office_4,synthetic_2.0hz,pano,50,2.05,5.966,1.1979,65.78,75.811,17.0,120.2,0.0,3939.9,0,NVIDIA RTX PRO 6000 Blackwell Workstation Edition,102.6,RTX PRO 6000
prism,replica,office_4,synthetic_0.5hz,pano,13,0.875,3.03,1.5152,65.78,77.436,9.9,59.6,0.0,3939.9,0,NVIDIA RTX PRO 6000 Blackwell Workstation Edition,102.6,RTX PRO 6000
prism,replica,office_4,synthetic_5.0hz,pano,125,4.505,15.367,1.2624,68.729,75.74,39.5,284.2,0.0,3939.9,0,NVIDIA RTX PRO 6000 Blackwell Workstation Edition,102.6,RTX PRO 6000
prism,replica,frl_apartment_0,loop_2.0hz_s0,pano,106,3.905,15.964,1.2807,7.965,14.39,42.2,258.9,0.0,3939.9,0,NVIDIA RTX PRO 6000 Blackwell Workstation Edition,102.6,RTX PRO 6000
prism,replica,frl_apartment_0,stopgo_2.0hz_s1,pano,77,3.397,11.524,1.2981,6.795,13.944,38.2,240.0,0.0,3939.9,0,NVIDIA RTX PRO 6000 Blackwell Workstation Edition,102.6,RTX PRO 6000
prism,replica,frl_apartment_0,synthetic_2.0hz_s1,pano,57,2.978,8.207,1.3473,6.056,13.944,29.6,189.8,0.0,3939.9,0,NVIDIA RTX PRO 6000 Blackwell Workstation Edition,102.6,RTX PRO 6000
prism,replica,frl_apartment_0,stopgo_2.0hz_s0,pano,100,3.812,14.93,1.3164,7.496,13.944,40.3,274.7,0.0,3939.9,0,NVIDIA RTX PRO 6000 Blackwell Workstation Edition,102.6,RTX PRO 6000
prism,replica,frl_apartment_0,synthetic_0.5hz_s0,pano,20,1.367,4.159,2.0796,5.224,18.283,15.3,106.2,0.0,3939.9,0,NVIDIA RTX PRO 6000 Blackwell Workstation Edition,102.6,RTX PRO 6000
prism,replica,frl_apartment_0,synthetic_0.5hz_s1,pano,15,1.022,4.126,2.0628,5.112,18.1,15.0,111.7,0.0,3939.9,0,NVIDIA RTX PRO 6000 Blackwell Workstation Edition,102.6,RTX PRO 6000
prism,replica,frl_apartment_0,synthetic_5.0hz_s1,pano,141,4.749,18.172,1.3007,7.674,13.944,46.8,301.3,0.0,3939.9,0,NVIDIA RTX PRO 6000 Blackwell Workstation Edition,102.6,RTX PRO 6000
prism,replica,frl_apartment_0,synthetic_2.0hz_s0,pano,80,3.379,11.427,1.2823,6.563,13.772,35.9,229.4,0.0,3939.9,0,NVIDIA RTX PRO 6000 Blackwell Workstation Edition,102.6,RTX PRO 6000
prism,replica,frl_apartment_0,synthetic_5.0hz_s0,pano,198,5.27,25.839,1.2983,8.513,13.944,52.8,344.8,0.0,3939.9,0,NVIDIA RTX PRO 6000 Blackwell Workstation Edition,102.6,RTX PRO 6000
prism,replica,frl_apartment_0,loop_2.0hz_s1,pano,74,3.464,10.102,1.3346,6.541,13.944,36.6,216.6,0.0,3939.9,0,NVIDIA RTX PRO 6000 Blackwell Workstation Edition,102.6,RTX PRO 6000
prism,replica,apartment_1,loop_2.0hz_s0,pano,84,5.519,0.0,,5.215,14.38,23.0,168.3,0.0,0.0,,NVIDIA RTX PRO 6000 Blackwell Workstation Edition,102.6,RTX PRO 6000
prism,replica,apartment_1,stopgo_2.0hz_s1,pano,90,3.38,15.054,1.3885,8.148,15.351,37.4,238.3,0.0,3939.9,0,NVIDIA RTX PRO 6000 Blackwell Workstation Edition,102.6,RTX PRO 6000
prism,replica,apartment_1,synthetic_2.0hz_s1,pano,70,2.7,14.321,2.2143,8.987,17.572,33.6,188.1,0.0,3939.9,0,NVIDIA RTX PRO 6000 Blackwell Workstation Edition,102.6,RTX PRO 6000
prism,replica,apartment_1,stopgo_2.0hz_s0,pano,67,4.054,0.0,,5.62,14.422,31.1,206.9,0.0,0.0,,NVIDIA RTX PRO 6000 Blackwell Workstation Edition,102.6,RTX PRO 6000
prism,replica,apartment_1,synthetic_0.5hz_s0,pano,12,0.842,3.556,1.778,4.427,15.756,12.1,89.2,0.0,3939.9,0,NVIDIA RTX PRO 6000 Blackwell Workstation Edition,102.6,RTX PRO 6000
prism,replica,apartment_1,synthetic_0.5hz_s1,pano,18,1.198,4.433,2.2162,5.271,17.41,17.8,117.4,0.0,3939.9,0,NVIDIA RTX PRO 6000 Blackwell Workstation Edition,102.6,RTX PRO 6000
prism,replica,apartment_1,synthetic_5.0hz_s1,pano,175,4.49,27.603,1.3014,9.97,16.313,50.8,303.2,0.0,3939.9,0,NVIDIA RTX PRO 6000 Blackwell Workstation Edition,102.6,RTX PRO 6000
prism,replica,apartment_1,synthetic_2.0hz_s0,pano,47,2.956,0.0,,4.788,14.313,22.4,157.2,0.0,0.0,,NVIDIA RTX PRO 6000 Blackwell Workstation Edition,102.6,RTX PRO 6000
prism,replica,apartment_1,synthetic_5.0hz_s0,pano,116,7.026,0.0,,5.595,13.944,30,200.6,0.0,0.0,,NVIDIA RTX PRO 6000 Blackwell Workstation Edition,102.6,RTX PRO 6000
prism,replica,apartment_1,loop_2.0hz_s1,pano,96,3.118,19.627,1.3989,10.473,18.874,38.8,223.8,0.0,3939.9,0,NVIDIA RTX PRO 6000 Blackwell Workstation Edition,102.6,RTX PRO 6000
prism,replica,hotel_0,loop_2.0hz_s0,pano,44,2.946,0.0,,5.087,13.703,23.7,178.4,0.0,0.0,,NVIDIA RTX PRO 6000 Blackwell Workstation Edition,102.6,RTX PRO 6000
prism,replica,hotel_0,stopgo_2.0hz_s1,pano,59,3.85,0.0,,4.954,13.872,21.3,179.0,0.0,0.0,,NVIDIA RTX PRO 6000 Blackwell Workstation Edition,102.6,RTX PRO 6000
prism,replica,hotel_0,synthetic_2.0hz_s1,pano,39,2.43,5.297,1.4568,4.97,13.944,19.1,140.6,0.0,3939.9,0,NVIDIA RTX PRO 6000 Blackwell Workstation Edition,102.6,RTX PRO 6000
prism,replica,hotel_0,stopgo_2.0hz_s0,pano,57,3.556,0.0,,5.594,13.703,30.6,212.3,0.0,0.0,,NVIDIA RTX PRO 6000 Blackwell Workstation Edition,102.6,RTX PRO 6000
prism,replica,hotel_0,synthetic_0.5hz_s0,pano,10,0.72,3.346,1.6729,4.233,14.915,13.5,86.9,0.0,3939.9,0,NVIDIA RTX PRO 6000 Blackwell Workstation Edition,102.6,RTX PRO 6000
prism,replica,hotel_0,synthetic_0.5hz_s1,pano,10,0.698,3.689,1.8444,4.577,16.03,12.8,95.0,0.0,3939.9,0,NVIDIA RTX PRO 6000 Blackwell Workstation Edition,102.6,RTX PRO 6000
prism,replica,hotel_0,synthetic_5.0hz_s1,pano,97,5.823,0.0,,5.481,13.703,28.8,202.3,0.0,0.0,,NVIDIA RTX PRO 6000 Blackwell Workstation Edition,102.6,RTX PRO 6000
prism,replica,hotel_0,synthetic_2.0hz_s0,pano,37,2.462,4.009,0.8323,4.424,13.535,16.6,140.5,0.0,3939.9,0,NVIDIA RTX PRO 6000 Blackwell Workstation Edition,102.6,RTX PRO 6000
prism,replica,hotel_0,synthetic_5.0hz_s0,pano,93,4.885,0.0,,6.319,13.805,39.1,250.3,0.0,0.0,,NVIDIA RTX PRO 6000 Blackwell Workstation Edition,102.6,RTX PRO 6000
prism,replica,hotel_0,loop_2.0hz_s1,pano,60,2.234,15.49,2.9851,13.652,29.781,34.1,179.2,0.0,3939.9,0,NVIDIA RTX PRO 6000 Blackwell Workstation Edition,102.6,RTX PRO 6000
prism,replica,apartment_0,loop_2.0hz_s0,pano,89,3.277,14.979,1.4172,7.781,14.734,35.7,206.6,0.0,3939.9,0,NVIDIA RTX PRO 6000 Blackwell Workstation Edition,102.6,RTX PRO 6000
prism,replica,apartment_0,stopgo_2.0hz_s1,pano,99,3.497,16.118,1.4103,8.482,15.638,39.2,230.8,0.0,3939.9,0,NVIDIA RTX PRO 6000 Blackwell Workstation Edition,102.6,RTX PRO 6000
prism,replica,apartment_0,synthetic_2.0hz_s1,pano,79,3.003,14.248,1.4835,8.23,15.823,33.6,192.2,0.0,3939.9,0,NVIDIA RTX PRO 6000 Blackwell Workstation Edition,102.6,RTX PRO 6000
prism,replica,apartment_0,stopgo_2.0hz_s0,pano,90,3.484,14.408,1.3502,7.532,13.944,40.5,253.0,0.0,3939.9,0,NVIDIA RTX PRO 6000 Blackwell Workstation Edition,102.6,RTX PRO 6000
prism,replica,apartment_0,synthetic_0.5hz_s0,pano,18,1.136,5.173,2.585,5.987,19.692,15.1,78.9,0.0,3939.9,0,NVIDIA RTX PRO 6000 Blackwell Workstation Edition,102.6,RTX PRO 6000
prism,replica,apartment_0,synthetic_0.5hz_s1,pano,20,1.304,4.503,2.2513,5.267,17.545,17.8,126.1,0.0,3939.9,0,NVIDIA RTX PRO 6000 Blackwell Workstation Edition,102.6,RTX PRO 6000
prism,replica,apartment_0,synthetic_2.0hz,pano,70,3.104,10.863,1.4583,68.566,75.811,33.5,207.4,0.0,3939.9,0,NVIDIA RTX PRO 6000 Blackwell Workstation Edition,102.6,RTX PRO 6000
prism,replica,apartment_0,synthetic_0.5hz,pano,18,1.105,5.25,2.6227,67.814,81.559,17.1,105.0,0.0,3939.9,0,NVIDIA RTX PRO 6000 Blackwell Workstation Edition,102.6,RTX PRO 6000
prism,replica,apartment_0,synthetic_5.0hz,pano,173,4.534,25.636,1.2868,70.694,76.394,47.8,307.6,0.0,3939.9,0,NVIDIA RTX PRO 6000 Blackwell Workstation Edition,102.6,RTX PRO 6000
prism,replica,apartment_0,synthetic_5.0hz_s1,pano,196,5.146,25.685,1.2908,8.268,13.633,51.8,328.0,0.0,3939.9,0,NVIDIA RTX PRO 6000 Blackwell Workstation Edition,102.6,RTX PRO 6000
prism,replica,apartment_0,synthetic_2.0hz_s0,pano,70,2.873,11.331,1.37,6.487,13.944,31.5,170.4,0.0,3939.9,0,NVIDIA RTX PRO 6000 Blackwell Workstation Edition,102.6,RTX PRO 6000
prism,replica,apartment_0,synthetic_5.0hz_s0,pano,173,4.676,25.151,1.2828,9.033,15.059,50.2,303.9,0.0,3939.9,0,NVIDIA RTX PRO 6000 Blackwell Workstation Edition,102.6,RTX PRO 6000
prism,replica,apartment_0,loop_2.0hz_s1,pano,90,3.299,16.318,1.4065,9.092,16.725,40.6,235.3,0.0,3939.9,0,NVIDIA RTX PRO 6000 Blackwell Workstation Edition,102.6,RTX PRO 6000
prism_nostill,replica,office_4,synthetic_2.0hz,pano,50,2.869,5.945,1.2031,5.115,13.944,29.1,171.8,0.0,3939.9,0,NVIDIA RTX PRO 6000 Blackwell Workstation Edition,102.6,RTX PRO 6000
prism_nostill,replica,office_4,synthetic_0.5hz,pano,13,0.903,3.078,1.5391,4.024,15.569,9.2,93.7,0.0,3939.9,0,NVIDIA RTX PRO 6000 Blackwell Workstation Edition,102.6,RTX PRO 6000
prism_nostill,replica,office_4,synthetic_5.0hz,pano,125,4.486,15.551,1.2895,6.936,13.772,42.9,289.1,0.0,3939.9,0,NVIDIA RTX PRO 6000 Blackwell Workstation Edition,102.6,RTX PRO 6000
prism_nostill,replica,frl_apartment_0,loop_2.0hz_s0,pano,106,3.901,15.752,1.3046,7.857,14.39,42.8,269.3,0.0,3939.9,0,NVIDIA RTX PRO 6000 Blackwell Workstation Edition,102.6,RTX PRO 6000
prism_nostill,replica,frl_apartment_0,stopgo_2.0hz_s1,pano,77,3.452,11.501,1.3081,6.861,13.944,39.5,245.8,0.0,3939.9,0,NVIDIA RTX PRO 6000 Blackwell Workstation Edition,102.6,RTX PRO 6000
prism_nostill,replica,frl_apartment_0,stopgo_2.0hz_s0,pano,100,3.819,14.915,1.3156,7.467,13.906,42.4,277.8,0.0,3939.9,0,NVIDIA RTX PRO 6000 Blackwell Workstation Edition,102.6,RTX PRO 6000
prism_nostill,replica,frl_apartment_0,loop_2.0hz_s1,pano,74,3.481,10.112,1.3386,6.534,13.839,34.3,219.6,0.0,3939.9,0,NVIDIA RTX PRO 6000 Blackwell Workstation Edition,102.6,RTX PRO 6000
prism_nostill,replica,apartment_1,loop_2.0hz_s0,pano,84,5.562,0.0,,5.298,14.422,23.1,179.2,0.0,0.0,,NVIDIA RTX PRO 6000 Blackwell Workstation Edition,102.6,RTX PRO 6000
prism_nostill,replica,apartment_1,stopgo_2.0hz_s1,pano,90,3.424,14.956,1.3721,8.942,18.968,40.5,245.0,0.0,3939.9,0,NVIDIA RTX PRO 6000 Blackwell Workstation Edition,102.6,RTX PRO 6000
prism_nostill,replica,apartment_1,stopgo_2.0hz_s0,pano,67,3.939,0.0,,5.479,14.422,31.1,203.2,0.0,0.0,,NVIDIA RTX PRO 6000 Blackwell Workstation Edition,102.6,RTX PRO 6000
prism_nostill,replica,apartment_1,loop_2.0hz_s1,pano,96,3.118,18.968,1.4062,10.156,18.908,39.6,221.4,0.0,3939.9,0,NVIDIA RTX PRO 6000 Blackwell Workstation Edition,102.6,RTX PRO 6000
prism_nostill,replica,hotel_0,loop_2.0hz_s0,pano,44,3.017,0.0,,5.092,13.633,22.4,187.5,0.0,0.0,,NVIDIA RTX PRO 6000 Blackwell Workstation Edition,102.6,RTX PRO 6000
prism_nostill,replica,hotel_0,stopgo_2.0hz_s1,pano,59,3.641,0.0,,4.644,13.906,21.9,167.2,0.0,0.0,,NVIDIA RTX PRO 6000 Blackwell Workstation Edition,102.6,RTX PRO 6000
prism_nostill,replica,hotel_0,stopgo_2.0hz_s0,pano,57,3.548,0.0,,5.535,13.602,30.5,214.3,0.0,0.0,,NVIDIA RTX PRO 6000 Blackwell Workstation Edition,102.6,RTX PRO 6000
prism_nostill,replica,hotel_0,loop_2.0hz_s1,pano,60,2.206,15.435,2.9576,13.08,29.781,32.4,180.2,0.0,3939.9,0,NVIDIA RTX PRO 6000 Blackwell Workstation Edition,102.6,RTX PRO 6000
prism_nostill,replica,apartment_0,loop_2.0hz_s0,pano,89,3.506,14.546,1.4533,8.004,14.701,37.8,257.0,0.0,3939.9,0,NVIDIA RTX PRO 6000 Blackwell Workstation Edition,102.6,RTX PRO 6000
prism_nostill,replica,apartment_0,stopgo_2.0hz_s1,pano,99,3.583,16.121,1.4173,8.582,15.638,38.2,245.4,0.0,3939.9,0,NVIDIA RTX PRO 6000 Blackwell Workstation Edition,102.6,RTX PRO 6000
prism_nostill,replica,apartment_0,stopgo_2.0hz_s0,pano,90,3.462,14.393,1.3469,7.479,13.944,39.8,252.5,0.0,3939.9,0,NVIDIA RTX PRO 6000 Blackwell Workstation Edition,102.6,RTX PRO 6000
prism_nostill,replica,apartment_0,synthetic_2.0hz,pano,70,3.228,10.771,1.4326,7.006,13.944,32.7,215.5,0.0,3939.9,0,NVIDIA RTX PRO 6000 Blackwell Workstation Edition,102.6,RTX PRO 6000
prism_nostill,replica,apartment_0,synthetic_0.5hz,pano,18,1.094,5.239,2.6183,5.907,19.692,13.7,111.3,0.0,3939.9,0,NVIDIA RTX PRO 6000 Blackwell Workstation Edition,102.6,RTX PRO 6000
prism_nostill,replica,apartment_0,synthetic_5.0hz,pano,173,4.081,29.152,1.2988,9.106,14.527,45.0,278.4,0.0,3939.9,0,NVIDIA RTX PRO 6000 Blackwell Workstation Edition,102.6,RTX PRO 6000
prism_nostill,replica,apartment_0,loop_2.0hz_s1,pano,90,3.206,16.37,1.4118,8.887,16.725,39.6,232.9,0.0,3939.9,0,NVIDIA RTX PRO 6000 Blackwell Workstation Edition,102.6,RTX PRO 6000
prism_nolock,replica,office_4,synthetic_2.0hz,pano,50,2.78,6.112,1.315,5.01,13.738,18.8,163.3,0.0,3939.9,0,NVIDIA RTX PRO 6000 Blackwell Workstation Edition,102.6,RTX PRO 6000
prism_nolock,replica,office_4,synthetic_0.5hz,pano,13,0.883,3.019,1.5095,3.924,15.569,15.4,62.4,0.0,3939.9,0,NVIDIA RTX PRO 6000 Blackwell Workstation Edition,102.6,RTX PRO 6000
prism_nolock,replica,office_4,synthetic_5.0hz,pano,125,4.656,15.885,1.2863,7.271,13.872,44.3,294.3,0.0,3939.9,0,NVIDIA RTX PRO 6000 Blackwell Workstation Edition,102.6,RTX PRO 6000
prism_nolock,replica,frl_apartment_0,loop_2.0hz_s0,pano,106,3.95,15.708,1.3043,7.857,14.357,38.9,272.2,0.0,3939.9,0,NVIDIA RTX PRO 6000 Blackwell Workstation Edition,102.6,RTX PRO 6000
prism_nolock,replica,frl_apartment_0,stopgo_2.0hz_s1,pano,77,3.452,11.443,1.303,6.834,13.944,35.4,241.0,0.0,3939.9,0,NVIDIA RTX PRO 6000 Blackwell Workstation Edition,102.6,RTX PRO 6000
prism_nolock,replica,frl_apartment_0,stopgo_2.0hz_s0,pano,100,3.765,14.913,1.3203,7.403,13.944,39.8,272.6,0.0,3939.9,0,NVIDIA RTX PRO 6000 Blackwell Workstation Edition,102.6,RTX PRO 6000
prism_nolock,replica,frl_apartment_0,loop_2.0hz_s1,pano,74,3.488,10.043,1.3365,6.51,13.839,34.2,220.4,0.0,3939.9,0,NVIDIA RTX PRO 6000 Blackwell Workstation Edition,102.6,RTX PRO 6000
prism_nolock,replica,apartment_1,loop_2.0hz_s0,pano,84,5.454,0.0,,5.203,14.422,24.1,176.9,0.0,0.0,,NVIDIA RTX PRO 6000 Blackwell Workstation Edition,102.6,RTX PRO 6000
prism_nolock,replica,apartment_1,stopgo_2.0hz_s1,pano,90,3.427,15.029,1.3969,8.188,14.699,37.9,245.1,0.0,3939.9,0,NVIDIA RTX PRO 6000 Blackwell Workstation Edition,102.6,RTX PRO 6000
prism_nolock,replica,apartment_1,stopgo_2.0hz_s0,pano,67,4.074,0.0,,5.633,14.279,31.1,206.3,0.0,0.0,,NVIDIA RTX PRO 6000 Blackwell Workstation Edition,102.6,RTX PRO 6000
prism_nolock,replica,apartment_1,loop_2.0hz_s1,pano,96,3.148,19.352,1.4018,10.435,18.908,39.8,224.1,0.0,3939.9,0,NVIDIA RTX PRO 6000 Blackwell Workstation Edition,102.6,RTX PRO 6000
prism_nolock,replica,hotel_0,loop_2.0hz_s0,pano,44,2.907,0.0,,4.833,13.703,25,185.0,0.0,0.0,,NVIDIA RTX PRO 6000 Blackwell Workstation Edition,102.6,RTX PRO 6000
prism_nolock,replica,hotel_0,stopgo_2.0hz_s1,pano,59,3.937,0.0,,4.952,13.944,24.3,183.0,0.0,0.0,,NVIDIA RTX PRO 6000 Blackwell Workstation Edition,102.6,RTX PRO 6000
prism_nolock,replica,hotel_0,stopgo_2.0hz_s0,pano,57,3.335,0.0,,5.23,13.568,28.5,199.5,0.0,0.0,,NVIDIA RTX PRO 6000 Blackwell Workstation Edition,102.6,RTX PRO 6000
prism_nolock,replica,hotel_0,loop_2.0hz_s1,pano,60,2.218,15.485,2.9782,13.553,29.781,33.2,178.0,0.0,3939.9,0,NVIDIA RTX PRO 6000 Blackwell Workstation Edition,102.6,RTX PRO 6000
prism_nolock,replica,apartment_0,loop_2.0hz_s0,pano,89,3.334,14.577,1.4508,7.692,14.734,38.4,245.0,0.0,3939.9,0,NVIDIA RTX PRO 6000 Blackwell Workstation Edition,102.6,RTX PRO 6000
prism_nolock,replica,apartment_0,stopgo_2.0hz_s1,pano,99,3.509,16.072,1.4151,8.417,15.638,39.9,239.0,0.0,3939.9,0,NVIDIA RTX PRO 6000 Blackwell Workstation Edition,102.6,RTX PRO 6000
prism_nolock,replica,apartment_0,stopgo_2.0hz_s0,pano,90,3.507,14.346,1.3433,7.527,13.944,40.5,255.6,0.0,3939.9,0,NVIDIA RTX PRO 6000 Blackwell Workstation Edition,102.6,RTX PRO 6000
prism_nolock,replica,apartment_0,synthetic_2.0hz,pano,70,3.122,11.178,1.4134,7.167,14.063,33.7,206.6,0.0,3939.9,0,NVIDIA RTX PRO 6000 Blackwell Workstation Edition,102.6,RTX PRO 6000
prism_nolock,replica,apartment_0,synthetic_0.5hz,pano,18,1.105,5.166,2.5812,5.894,19.692,19.9,104.0,0.0,3939.9,0,NVIDIA RTX PRO 6000 Blackwell Workstation Edition,102.6,RTX PRO 6000
prism_nolock,replica,apartment_0,synthetic_5.0hz,pano,173,4.085,29.389,1.2947,9.559,15.621,45.7,275.5,0.0,3939.9,0,NVIDIA RTX PRO 6000 Blackwell Workstation Edition,102.6,RTX PRO 6000
prism_nolock,replica,apartment_0,loop_2.0hz_s1,pano,90,3.264,16.347,1.4131,9.034,16.725,38.6,240.8,0.0,3939.9,0,NVIDIA RTX PRO 6000 Blackwell Workstation Edition,102.6,RTX PRO 6000
mapanything,replica,office_4,synthetic_2.0hz,synthetic_fov,50,1.941,6.317,6.3171,48.903,91.192,7.4,109.3,0.0,0.0,,NVIDIA RTX PRO 6000 Blackwell Workstation Edition,102.6,RTX PRO 6000
mapanything,replica,office_4,synthetic_0.5hz,synthetic_fov,13,0.806,1.514,1.5142,27.218,93.224,2.8,72.4,0.0,0.0,,NVIDIA RTX PRO 6000 Blackwell Workstation Edition,102.6,RTX PRO 6000
mapanything,replica,office_4,synthetic_5.0hz,synthetic_fov,125,3.88,15.156,15.1559,74.362,94.415,14.6,161.5,0.0,0.0,,NVIDIA RTX PRO 6000 Blackwell Workstation Edition,102.6,RTX PRO 6000
mapanything,replica,frl_apartment_0,loop_2.0hz_s0,synthetic_fov,106,3.704,12.606,12.6061,11.216,65.116,12.9,133.1,0.0,0.0,,NVIDIA RTX PRO 6000 Blackwell Workstation Edition,102.6,RTX PRO 6000
mapanything,replica,frl_apartment_0,stopgo_2.0hz_s1,synthetic_fov,77,3.225,8.874,8.8742,8.504,49.891,11.0,115.5,0.0,0.0,,NVIDIA RTX PRO 6000 Blackwell Workstation Edition,102.6,RTX PRO 6000
mapanything,replica,frl_apartment_0,synthetic_2.0hz_s1,synthetic_fov,57,2.63,6.372,6.3718,6.109,39.007,7.5,92.7,0.0,0.0,,NVIDIA RTX PRO 6000 Blackwell Workstation Edition,102.6,RTX PRO 6000
mapanything,replica,frl_apartment_0,stopgo_2.0hz_s0,synthetic_fov,100,3.61,11.84,11.8398,10.543,61.887,12.6,129.0,0.0,0.0,,NVIDIA RTX PRO 6000 Blackwell Workstation Edition,102.6,RTX PRO 6000
mapanything,replica,frl_apartment_0,synthetic_0.5hz_s0,synthetic_fov,20,1.202,2.24,2.2403,2.812,18.601,4.1,58.0,0.0,0.0,,NVIDIA RTX PRO 6000 Blackwell Workstation Edition,102.6,RTX PRO 6000
mapanything,replica,frl_apartment_0,synthetic_0.5hz_s1,synthetic_fov,15,0.968,1.705,1.7054,2.4,13.757,2.8,60.9,0.0,0.0,,NVIDIA RTX PRO 6000 Blackwell Workstation Edition,102.6,RTX PRO 6000
mapanything,replica,frl_apartment_0,synthetic_5.0hz_s1,synthetic_fov,141,3.948,17.447,17.4473,14.498,70.131,16.9,152.7,0.0,0.0,,NVIDIA RTX PRO 6000 Blackwell Workstation Edition,102.6,RTX PRO 6000
mapanything,replica,frl_apartment_0,synthetic_2.0hz_s0,synthetic_fov,80,3.282,9.217,9.2169,8.664,51.464,10.4,113.2,0.0,0.0,,NVIDIA RTX PRO 6000 Blackwell Workstation Edition,102.6,RTX PRO 6000
mapanything,replica,frl_apartment_0,synthetic_5.0hz_s0,synthetic_fov,198,4.341,26.2,26.2001,20.536,71.494,21.2,180.9,0.0,0.0,,NVIDIA RTX PRO 6000 Blackwell Workstation Edition,102.6,RTX PRO 6000
mapanything,replica,frl_apartment_0,loop_2.0hz_s1,synthetic_fov,74,3.161,8.516,8.5157,8.195,48.025,10.6,112.5,0.0,0.0,,NVIDIA RTX PRO 6000 Blackwell Workstation Edition,102.6,RTX PRO 6000
mapanything,replica,apartment_1,loop_2.0hz_s0,synthetic_fov,84,3.436,9.705,9.7053,9.113,53.645,10.5,120.9,0.0,0.0,,NVIDIA RTX PRO 6000 Blackwell Workstation Edition,102.6,RTX PRO 6000
mapanything,replica,apartment_1,stopgo_2.0hz_s1,synthetic_fov,90,3.422,10.506,10.506,9.456,56.602,11.6,124.0,0.0,0.0,,NVIDIA RTX PRO 6000 Blackwell Workstation Edition,102.6,RTX PRO 6000
mapanything,replica,apartment_1,synthetic_2.0hz_s1,synthetic_fov,70,3.131,7.996,7.9964,7.72,45.906,10.2,107.4,0.0,0.0,,NVIDIA RTX PRO 6000 Blackwell Workstation Edition,102.6,RTX PRO 6000
mapanything,replica,apartment_1,stopgo_2.0hz_s0,synthetic_fov,67,3.05,7.654,7.6543,7.435,44.564,9.2,111.1,0.0,0.0,,NVIDIA RTX PRO 6000 Blackwell Workstation Edition,102.6,RTX PRO 6000
mapanything,replica,apartment_1,synthetic_0.5hz_s0,synthetic_fov,12,0.809,1.379,1.3788,2.177,12.729,1.0,48.8,0.0,0.0,,NVIDIA RTX PRO 6000 Blackwell Workstation Edition,102.6,RTX PRO 6000
mapanything,replica,apartment_1,synthetic_0.5hz_s1,synthetic_fov,18,1.132,2.044,2.0436,2.632,13.275,2.6,62.1,0.0,0.0,,NVIDIA RTX PRO 6000 Blackwell Workstation Edition,102.6,RTX PRO 6000
mapanything,replica,apartment_1,synthetic_5.0hz_s1,synthetic_fov,175,4.303,22.604,22.6039,18.2,70.76,19.9,175.2,0.0,0.0,,NVIDIA RTX PRO 6000 Blackwell Workstation Edition,102.6,RTX PRO 6000
mapanything,replica,apartment_1,synthetic_2.0hz_s0,synthetic_fov,47,2.441,5.245,5.2454,5.42,33.743,9.2,90.3,0.0,0.0,,NVIDIA RTX PRO 6000 Blackwell Workstation Edition,102.6,RTX PRO 6000
mapanything,replica,apartment_1,synthetic_5.0hz_s0,synthetic_fov,116,3.845,14.018,14.0183,12.36,69.061,14.9,143.6,0.0,0.0,,NVIDIA RTX PRO 6000 Blackwell Workstation Edition,102.6,RTX PRO 6000
mapanything,replica,apartment_1,loop_2.0hz_s1,synthetic_fov,96,3.646,11.27,11.2703,10.316,60.02,13.5,130.0,0.0,0.0,,NVIDIA RTX PRO 6000 Blackwell Workstation Edition,102.6,RTX PRO 6000
mapanything,replica,hotel_0,loop_2.0hz_s0,synthetic_fov,44,2.339,4.898,4.8981,5.021,32.086,6.1,89.1,0.0,0.0,,NVIDIA RTX PRO 6000 Blackwell Workstation Edition,102.6,RTX PRO 6000
mapanything,replica,hotel_0,stopgo_2.0hz_s1,synthetic_fov,59,2.819,6.614,6.6144,6.363,40.097,7.8,98.2,0.0,0.0,,NVIDIA RTX PRO 6000 Blackwell Workstation Edition,102.6,RTX PRO 6000
mapanything,replica,hotel_0,synthetic_2.0hz_s1,synthetic_fov,39,2.012,4.31,4.3097,4.304,27.976,6.1,75.3,0.0,0.0,,NVIDIA RTX PRO 6000 Blackwell Workstation Edition,102.6,RTX PRO 6000
mapanything,replica,hotel_0,stopgo_2.0hz_s0,synthetic_fov,57,2.739,6.378,6.3782,6.172,39.007,7.8,97.6,0.0,0.0,,NVIDIA RTX PRO 6000 Blackwell Workstation Edition,102.6,RTX PRO 6000
mapanything,replica,hotel_0,synthetic_0.5hz_s0,synthetic_fov,10,0.684,1.173,1.1733,1.937,10.045,3.0,50.5,0.0,0.0,,NVIDIA RTX PRO 6000 Blackwell Workstation Edition,102.6,RTX PRO 6000
mapanything,replica,hotel_0,synthetic_0.5hz_s1,synthetic_fov,10,0.672,1.183,1.1828,1.979,14.176,3.0,50.8,0.0,0.0,,NVIDIA RTX PRO 6000 Blackwell Workstation Edition,102.6,RTX PRO 6000
mapanything,replica,hotel_0,synthetic_5.0hz_s1,synthetic_fov,97,3.573,11.396,11.3962,10.083,60.314,12.5,128.8,0.0,0.0,,NVIDIA RTX PRO 6000 Blackwell Workstation Edition,102.6,RTX PRO 6000
mapanything,replica,hotel_0,synthetic_2.0hz_s0,synthetic_fov,37,2.062,4.087,4.0871,4.312,21.537,5.4,79.9,0.0,0.0,,NVIDIA RTX PRO 6000 Blackwell Workstation Edition,102.6,RTX PRO 6000
mapanything,replica,hotel_0,synthetic_5.0hz_s0,synthetic_fov,93,3.51,10.867,10.8669,9.835,58.468,12.3,124.9,0.0,0.0,,NVIDIA RTX PRO 6000 Blackwell Workstation Edition,102.6,RTX PRO 6000
mapanything,replica,hotel_0,loop_2.0hz_s1,synthetic_fov,60,2.764,6.737,6.7369,6.309,40.58,9.1,97.0,0.0,0.0,,NVIDIA RTX PRO 6000 Blackwell Workstation Edition,102.6,RTX PRO 6000
mapanything,replica,apartment_0,loop_2.0hz_s0,synthetic_fov,89,3.471,10.406,10.4064,9.521,56.036,12.7,129.4,0.0,0.0,,NVIDIA RTX PRO 6000 Blackwell Workstation Edition,102.6,RTX PRO 6000
mapanything,replica,apartment_0,stopgo_2.0hz_s1,synthetic_fov,99,3.658,11.742,11.7422,10.721,61.362,13.7,136.8,0.0,0.0,,NVIDIA RTX PRO 6000 Blackwell Workstation Edition,102.6,RTX PRO 6000
mapanything,replica,apartment_0,synthetic_2.0hz_s1,synthetic_fov,79,3.317,9.088,9.0884,8.53,50.919,10.4,119.1,0.0,0.0,,NVIDIA RTX PRO 6000 Blackwell Workstation Edition,102.6,RTX PRO 6000
mapanything,replica,apartment_0,stopgo_2.0hz_s0,synthetic_fov,90,3.493,10.545,10.545,9.669,56.602,13.0,130.6,0.0,0.0,,NVIDIA RTX PRO 6000 Blackwell Workstation Edition,102.6,RTX PRO 6000
mapanything,replica,apartment_0,synthetic_0.5hz_s0,synthetic_fov,18,1.156,2.034,2.0339,2.722,18.35,4.2,68.7,0.0,0.0,,NVIDIA RTX PRO 6000 Blackwell Workstation Edition,102.6,RTX PRO 6000
mapanything,replica,apartment_0,synthetic_0.5hz_s1,synthetic_fov,20,1.24,2.254,2.254,2.863,15.12,3.4,71.1,0.0,0.0,,NVIDIA RTX PRO 6000 Blackwell Workstation Edition,102.6,RTX PRO 6000
mapanything,replica,apartment_0,synthetic_2.0hz,synthetic_fov,70,2.907,8.03,8.0302,69.155,92.129,9.9,106.1,0.0,0.0,,NVIDIA RTX PRO 6000 Blackwell Workstation Edition,102.6,RTX PRO 6000
mapanything,replica,apartment_0,synthetic_0.5hz,synthetic_fov,18,1.107,2.067,2.0672,64.541,76.189,3.9,62.0,0.0,0.0,,NVIDIA RTX PRO 6000 Blackwell Workstation Edition,102.6,RTX PRO 6000
mapanything,replica,apartment_0,synthetic_5.0hz,synthetic_fov,173,4.145,22.247,22.2472,78.845,96.279,18.9,164.3,0.0,0.0,,NVIDIA RTX PRO 6000 Blackwell Workstation Edition,102.6,RTX PRO 6000
mapanything,replica,apartment_0,synthetic_5.0hz_s1,synthetic_fov,196,4.397,26.063,26.063,20.902,71.389,22.3,193.6,0.0,0.0,,NVIDIA RTX PRO 6000 Blackwell Workstation Edition,102.6,RTX PRO 6000
mapanything,replica,apartment_0,synthetic_2.0hz_s0,synthetic_fov,70,2.834,8.038,8.0379,7.346,45.906,8.9,106.5,0.0,0.0,,NVIDIA RTX PRO 6000 Blackwell Workstation Edition,102.6,RTX PRO 6000
mapanything,replica,apartment_0,synthetic_5.0hz_s0,synthetic_fov,173,4.323,22.422,22.422,18.454,70.886,20.1,180.6,0.0,0.0,,NVIDIA RTX PRO 6000 Blackwell Workstation Edition,102.6,RTX PRO 6000
mapanything,replica,apartment_0,loop_2.0hz_s1,synthetic_fov,90,3.519,10.513,10.5133,9.74,56.602,12.5,129.1,0.0,0.0,,NVIDIA RTX PRO 6000 Blackwell Workstation Edition,102.6,RTX PRO 6000
prism_noguards,replica,office_4,synthetic_2.0hz,pano,50,3.073,5.959,1.2088,5.362,13.872,22.7,189.0,0.0,3939.9,0,NVIDIA RTX PRO 6000 Blackwell Workstation Edition,102.6,RTX PRO 6000
prism_noguards,replica,office_4,synthetic_0.5hz,pano,13,0.935,3.069,1.5347,4.012,15.569,14.0,99.3,0.0,3939.9,0,NVIDIA RTX PRO 6000 Blackwell Workstation Edition,102.6,RTX PRO 6000
prism_noguards,replica,office_4,synthetic_5.0hz,pano,125,4.461,15.21,1.289,6.743,13.944,44.6,289.3,0.0,3939.9,0,NVIDIA RTX PRO 6000 Blackwell Workstation Edition,102.6,RTX PRO 6000
prism_noguards,replica,frl_apartment_0,loop_2.0hz_s0,pano,106,3.823,15.775,1.3024,7.711,14.39,41.4,263.3,0.0,3939.9,0,NVIDIA RTX PRO 6000 Blackwell Workstation Edition,102.6,RTX PRO 6000
prism_noguards,replica,frl_apartment_0,stopgo_2.0hz_s1,pano,77,3.383,11.577,1.3056,6.833,13.944,38.8,236.9,0.0,3939.9,0,NVIDIA RTX PRO 6000 Blackwell Workstation Edition,102.6,RTX PRO 6000
prism_noguards,replica,frl_apartment_0,stopgo_2.0hz_s0,pano,100,3.798,14.831,1.3102,7.392,13.944,40.9,274.3,0.0,3939.9,0,NVIDIA RTX PRO 6000 Blackwell Workstation Edition,102.6,RTX PRO 6000
prism_noguards,replica,frl_apartment_0,loop_2.0hz_s1,pano,74,3.549,10.038,1.3413,6.622,13.944,35.0,223.6,0.0,3939.9,0,NVIDIA RTX PRO 6000 Blackwell Workstation Edition,102.6,RTX PRO 6000
prism_noguards,replica,apartment_1,loop_2.0hz_s0,pano,84,5.049,0.0,,4.94,14.422,20.0,162.7,0.0,0.0,,NVIDIA RTX PRO 6000 Blackwell Workstation Edition,102.6,RTX PRO 6000
prism_noguards,replica,apartment_1,stopgo_2.0hz_s1,pano,90,3.5,14.3,1.3437,7.516,14.246,40.2,244.9,0.0,3939.9,0,NVIDIA RTX PRO 6000 Blackwell Workstation Edition,102.6,RTX PRO 6000
prism_noguards,replica,apartment_1,stopgo_2.0hz_s0,pano,67,3.928,0.0,,5.47,14.246,27.4,205.3,0.0,0.0,,NVIDIA RTX PRO 6000 Blackwell Workstation Edition,102.6,RTX PRO 6000
prism_noguards,replica,apartment_1,loop_2.0hz_s1,pano,96,3.055,19.456,1.402,10.01,18.406,38.7,218.7,0.0,3939.9,0,NVIDIA RTX PRO 6000 Blackwell Workstation Edition,102.6,RTX PRO 6000
prism_noguards,replica,hotel_0,loop_2.0hz_s0,pano,44,2.78,0.0,,4.834,13.703,21.2,175.9,0.0,0.0,,NVIDIA RTX PRO 6000 Blackwell Workstation Edition,102.6,RTX PRO 6000
prism_noguards,replica,hotel_0,stopgo_2.0hz_s1,pano,59,3.977,0.0,,5.085,13.944,21.2,177.9,0.0,0.0,,NVIDIA RTX PRO 6000 Blackwell Workstation Edition,102.6,RTX PRO 6000
prism_noguards,replica,hotel_0,stopgo_2.0hz_s0,pano,57,3.523,0.0,,5.382,13.703,31.5,211.8,0.0,0.0,,NVIDIA RTX PRO 6000 Blackwell Workstation Edition,102.6,RTX PRO 6000
prism_noguards,replica,hotel_0,loop_2.0hz_s1,pano,60,1.847,19.927,2.9991,17.684,36.306,34.1,167.7,0.0,3939.9,0,NVIDIA RTX PRO 6000 Blackwell Workstation Edition,102.6,RTX PRO 6000
prism_noguards,replica,apartment_0,loop_2.0hz_s0,pano,89,3.383,14.613,1.4539,7.84,14.734,40.8,249.8,0.0,3939.9,0,NVIDIA RTX PRO 6000 Blackwell Workstation Edition,102.6,RTX PRO 6000
prism_noguards,replica,apartment_0,stopgo_2.0hz_s1,pano,99,3.514,15.962,1.4109,8.355,15.592,40.0,241.6,0.0,3939.9,0,NVIDIA RTX PRO 6000 Blackwell Workstation Edition,102.6,RTX PRO 6000
prism_noguards,replica,apartment_0,stopgo_2.0hz_s0,pano,90,3.512,14.045,1.3534,7.367,13.944,37.9,255.6,0.0,3939.9,0,NVIDIA RTX PRO 6000 Blackwell Workstation Edition,102.6,RTX PRO 6000
prism_noguards,replica,apartment_0,synthetic_2.0hz,pano,70,3.085,10.958,1.4297,6.975,14.063,34.1,208.0,0.0,3939.9,0,NVIDIA RTX PRO 6000 Blackwell Workstation Edition,102.6,RTX PRO 6000
prism_noguards,replica,apartment_0,synthetic_0.5hz,pano,18,1.116,5.223,2.6103,5.998,19.692,15.4,112.6,0.0,3939.9,0,NVIDIA RTX PRO 6000 Blackwell Workstation Edition,102.6,RTX PRO 6000
prism_noguards,replica,apartment_0,synthetic_5.0hz,pano,173,4.34,28.139,1.306,9.408,14.787,47.5,296.0,0.0,3939.9,0,NVIDIA RTX PRO 6000 Blackwell Workstation Edition,102.6,RTX PRO 6000
prism_noguards,replica,apartment_0,loop_2.0hz_s1,pano,90,3.223,16.362,1.4133,8.851,16.725,40.1,232.1,0.0,3939.9,0,NVIDIA RTX PRO 6000 Blackwell Workstation Edition,102.6,RTX PRO 6000
prism_se3,replica,office_4,synthetic_2.0hz,pano,50,2.636,5.818,1.1753,77.198,101.172,22.6,152.5,0.0,3939.9,0,NVIDIA RTX PRO 6000 Blackwell Workstation Edition,102.6,RTX PRO 6000
prism_se3,replica,office_4,synthetic_0.5hz,pano,13,0.974,0.0,,85.721,102.616,0.8,35.5,0.0,0.0,,NVIDIA RTX PRO 6000 Blackwell Workstation Edition,102.6,RTX PRO 6000
prism_se3,replica,office_4,synthetic_5.0hz,pano,125,4.524,15.288,1.2557,31.997,77.56,46.6,285.8,0.0,3939.9,0,NVIDIA RTX PRO 6000 Blackwell Workstation Edition,102.6,RTX PRO 6000
prism_se3,replica,frl_apartment_0,loop_2.0hz_s0,pano,106,3.881,16.133,1.369,8.231,15.223,42.1,266.8,0.0,3939.9,0,NVIDIA RTX PRO 6000 Blackwell Workstation Edition,102.6,RTX PRO 6000
prism_se3,replica,frl_apartment_0,stopgo_2.0hz_s1,pano,77,3.48,11.227,1.3018,6.791,13.839,36.2,243.7,0.0,3939.9,0,NVIDIA RTX PRO 6000 Blackwell Workstation Edition,102.6,RTX PRO 6000
prism_se3,replica,frl_apartment_0,synthetic_2.0hz_s1,pano,57,3.036,8.061,1.3599,6.085,13.944,32.8,204.5,0.0,3939.9,0,NVIDIA RTX PRO 6000 Blackwell Workstation Edition,102.6,RTX PRO 6000
prism_se3,replica,frl_apartment_0,stopgo_2.0hz_s0,pano,100,3.715,15.698,1.3044,7.682,13.944,41.6,271.9,0.0,3939.9,0,NVIDIA RTX PRO 6000 Blackwell Workstation Edition,102.6,RTX PRO 6000
prism_se3,replica,frl_apartment_0,synthetic_0.5hz_s0,pano,20,1.36,4.113,2.0566,5.118,18.249,14.7,108.2,0.0,3939.9,0,NVIDIA RTX PRO 6000 Blackwell Workstation Edition,102.6,RTX PRO 6000
prism_se3,replica,frl_apartment_0,synthetic_0.5hz_s1,pano,15,0.972,4.213,2.1064,4.997,18.1,15.1,103.9,0.0,3939.9,0,NVIDIA RTX PRO 6000 Blackwell Workstation Edition,102.6,RTX PRO 6000
prism_se3,replica,frl_apartment_0,synthetic_5.0hz_s1,pano,141,4.766,17.985,1.303,7.752,13.805,47.6,305.2,0.0,3939.9,0,NVIDIA RTX PRO 6000 Blackwell Workstation Edition,102.6,RTX PRO 6000
prism_se3,replica,frl_apartment_0,synthetic_2.0hz_s0,pano,80,3.433,11.997,1.3513,7.135,13.902,36.9,243.9,0.0,3939.9,0,NVIDIA RTX PRO 6000 Blackwell Workstation Edition,102.6,RTX PRO 6000
prism_se3,replica,frl_apartment_0,synthetic_5.0hz_s0,pano,198,4.926,27.387,1.3117,8.719,14.825,53.5,333.4,0.0,3939.9,0,NVIDIA RTX PRO 6000 Blackwell Workstation Edition,102.6,RTX PRO 6000
prism_se3,replica,frl_apartment_0,loop_2.0hz_s1,pano,74,3.468,10.069,1.3308,6.535,13.944,33.7,219.4,0.0,3939.9,0,NVIDIA RTX PRO 6000 Blackwell Workstation Edition,102.6,RTX PRO 6000
prism_se3,replica,apartment_1,loop_2.0hz_s0,pano,84,5.568,0.0,,5.252,14.422,28.0,178.4,0.0,0.0,,NVIDIA RTX PRO 6000 Blackwell Workstation Edition,102.6,RTX PRO 6000
prism_se3,replica,apartment_1,stopgo_2.0hz_s1,pano,90,3.297,16.184,1.3827,8.966,16.345,40.4,239.2,0.0,3939.9,0,NVIDIA RTX PRO 6000 Blackwell Workstation Edition,102.6,RTX PRO 6000
prism_se3,replica,apartment_1,synthetic_2.0hz_s1,pano,70,3.192,11.024,1.5147,7.971,19.359,35.2,213.9,0.0,3939.9,0,NVIDIA RTX PRO 6000 Blackwell Workstation Edition,102.6,RTX PRO 6000
prism_se3,replica,apartment_1,stopgo_2.0hz_s0,pano,67,4.018,0.0,,5.577,14.422,27.8,201.1,0.0,0.0,,NVIDIA RTX PRO 6000 Blackwell Workstation Edition,102.6,RTX PRO 6000
prism_se3,replica,apartment_1,synthetic_0.5hz_s0,pano,12,0.862,3.603,1.8015,4.564,15.756,10.9,93.1,0.0,3939.9,0,NVIDIA RTX PRO 6000 Blackwell Workstation Edition,102.6,RTX PRO 6000
prism_se3,replica,apartment_1,synthetic_0.5hz_s1,pano,18,1.172,4.35,2.1751,5.064,17.41,17.8,105.0,0.0,3939.9,0,NVIDIA RTX PRO 6000 Blackwell Workstation Edition,102.6,RTX PRO 6000
prism_se3,replica,apartment_1,synthetic_5.0hz_s1,pano,175,3.766,34.273,1.3108,13.881,24.339,45.8,273.7,0.0,3939.9,0,NVIDIA RTX PRO 6000 Blackwell Workstation Edition,102.6,RTX PRO 6000
prism_se3,replica,apartment_1,synthetic_2.0hz_s0,pano,47,3.122,0.0,,5.141,14.422,26.5,174.4,0.0,0.0,,NVIDIA RTX PRO 6000 Blackwell Workstation Edition,102.6,RTX PRO 6000
prism_se3,replica,apartment_1,synthetic_5.0hz_s0,pano,116,6.936,0.0,,5.592,13.944,30.2,207.6,0.0,0.0,,NVIDIA RTX PRO 6000 Blackwell Workstation Edition,102.6,RTX PRO 6000
prism_se3,replica,apartment_1,loop_2.0hz_s1,pano,96,3.628,14.841,1.44,8.235,15.25,42.4,242.2,0.0,3939.9,0,NVIDIA RTX PRO 6000 Blackwell Workstation Edition,102.6,RTX PRO 6000
prism_se3,replica,hotel_0,loop_2.0hz_s0,pano,44,2.898,0.0,,4.825,13.703,22.1,179.3,0.0,0.0,,NVIDIA RTX PRO 6000 Blackwell Workstation Edition,102.6,RTX PRO 6000
prism_se3,replica,hotel_0,stopgo_2.0hz_s1,pano,59,3.949,0.0,,5.042,13.944,23.5,184.5,0.0,0.0,,NVIDIA RTX PRO 6000 Blackwell Workstation Edition,102.6,RTX PRO 6000
prism_se3,replica,hotel_0,synthetic_2.0hz_s1,pano,39,2.476,5.023,1.2472,4.926,13.944,20.2,151.7,0.0,3939.9,0,NVIDIA RTX PRO 6000 Blackwell Workstation Edition,102.6,RTX PRO 6000
prism_se3,replica,hotel_0,stopgo_2.0hz_s0,pano,57,3.551,0.0,,5.558,13.669,27.8,211.5,0.0,0.0,,NVIDIA RTX PRO 6000 Blackwell Workstation Edition,102.6,RTX PRO 6000
prism_se3,replica,hotel_0,synthetic_0.5hz_s0,pano,10,0.741,3.288,1.6439,4.285,14.915,11.3,91.9,0.0,3939.9,0,NVIDIA RTX PRO 6000 Blackwell Workstation Edition,102.6,RTX PRO 6000
prism_se3,replica,hotel_0,synthetic_0.5hz_s1,pano,10,0.702,3.659,1.8295,4.531,16.03,10.5,89.2,0.0,3939.9,0,NVIDIA RTX PRO 6000 Blackwell Workstation Edition,102.6,RTX PRO 6000
prism_se3,replica,hotel_0,synthetic_5.0hz_s1,pano,97,5.83,0.0,,5.603,13.633,29.0,211.4,0.0,0.0,,NVIDIA RTX PRO 6000 Blackwell Workstation Edition,102.6,RTX PRO 6000
prism_se3,replica,hotel_0,synthetic_2.0hz_s0,pano,37,2.552,4.072,0.8302,4.63,13.568,17.6,155.6,0.0,3939.9,0,NVIDIA RTX PRO 6000 Blackwell Workstation Edition,102.6,RTX PRO 6000
prism_se3,replica,hotel_0,synthetic_5.0hz_s0,pano,93,4.823,0.0,,6.368,13.944,38.9,256.1,0.0,0.0,,NVIDIA RTX PRO 6000 Blackwell Workstation Edition,102.6,RTX PRO 6000
prism_se3,replica,hotel_0,loop_2.0hz_s1,pano,60,3.135,8.377,1.3322,6.557,14.915,30,201.6,0.0,3939.9,0,NVIDIA RTX PRO 6000 Blackwell Workstation Edition,102.6,RTX PRO 6000
prism_se3,replica,apartment_0,loop_2.0hz_s0,pano,89,3.452,14.609,1.4996,8.062,14.869,39.9,250.7,0.0,3939.9,0,NVIDIA RTX PRO 6000 Blackwell Workstation Edition,102.6,RTX PRO 6000
prism_se3,replica,apartment_0,stopgo_2.0hz_s1,pano,99,3.806,14.636,1.2952,7.705,14.422,38.7,247.8,0.0,3939.9,0,NVIDIA RTX PRO 6000 Blackwell Workstation Edition,102.6,RTX PRO 6000
prism_se3,replica,apartment_0,synthetic_2.0hz_s1,pano,79,3.162,13.698,1.2869,8.516,19.375,36.4,222.5,0.0,3939.9,0,NVIDIA RTX PRO 6000 Blackwell Workstation Edition,102.6,RTX PRO 6000
prism_se3,replica,apartment_0,stopgo_2.0hz_s0,pano,90,3.395,14.464,1.3381,8.156,18.935,39.0,248.4,0.0,3939.9,0,NVIDIA RTX PRO 6000 Blackwell Workstation Edition,102.6,RTX PRO 6000
prism_se3,replica,apartment_0,synthetic_0.5hz_s0,pano,18,1.142,5.171,2.584,6.073,19.692,16.6,107.3,0.0,3939.9,0,NVIDIA RTX PRO 6000 Blackwell Workstation Edition,102.6,RTX PRO 6000
prism_se3,replica,apartment_0,synthetic_0.5hz_s1,pano,20,1.267,4.435,2.2176,5.045,17.545,17.5,103.8,0.0,3939.9,0,NVIDIA RTX PRO 6000 Blackwell Workstation Edition,102.6,RTX PRO 6000
prism_se3,replica,apartment_0,synthetic_2.0hz,pano,70,3.015,11.533,1.5185,20.052,84.932,31.8,202.3,0.0,3939.9,0,NVIDIA RTX PRO 6000 Blackwell Workstation Edition,102.6,RTX PRO 6000
prism_se3,replica,apartment_0,synthetic_0.5hz,pano,18,1.11,5.228,2.612,6.024,19.692,15.4,106.1,0.0,3939.9,0,NVIDIA RTX PRO 6000 Blackwell Workstation Edition,102.6,RTX PRO 6000
prism_se3,replica,apartment_0,synthetic_5.0hz,pano,173,4.594,25.058,1.2784,80.757,86.479,49.0,310.3,0.0,3939.9,0,NVIDIA RTX PRO 6000 Blackwell Workstation Edition,102.6,RTX PRO 6000
prism_se3,replica,apartment_0,synthetic_5.0hz_s1,pano,196,4.934,27.342,1.3217,9.402,16.689,52.6,330.6,0.0,3939.9,0,NVIDIA RTX PRO 6000 Blackwell Workstation Edition,102.6,RTX PRO 6000
prism_se3,replica,apartment_0,synthetic_2.0hz_s0,pano,70,3.161,10.776,1.4475,6.873,13.839,34.5,215.0,0.0,3939.9,0,NVIDIA RTX PRO 6000 Blackwell Workstation Edition,102.6,RTX PRO 6000
prism_se3,replica,apartment_0,synthetic_5.0hz_s0,pano,173,4.664,25.354,1.306,8.949,14.441,49.8,320.3,0.0,3939.9,0,NVIDIA RTX PRO 6000 Blackwell Workstation Edition,102.6,RTX PRO 6000
prism_se3,replica,apartment_0,loop_2.0hz_s1,pano,90,3.145,15.636,1.385,7.776,14.843,36.3,227.6,0.0,3939.9,0,NVIDIA RTX PRO 6000 Blackwell Workstation Edition,102.6,RTX PRO 6000
